"pu_month","pu_hour","airport","num_trips_airport","avg_trip_dist","avg_tip_amount","avg_fare_amount"
1,0,"N",194497,2.70385450675332,1.68597860121236,11.4560057481606
1,0,"Y",13350,12.853656928839,5.83023745318352,37.1528734082397
2,0,"N",185803,2.76801569404154,2.01195023761726,11.6904965474185
2,0,"Y",11246,12.9657175884759,5.99770229414903,37.5479886181754
3,0,"N",230547,2.78760378577904,2.09496128772007,11.8675782812181
3,0,"Y",15287,13.1207359194086,6.05579708248839,37.8563151697521
4,0,"N",192191,2.80864343283504,2.04706011207601,11.8183489861648
4,0,"Y",15382,13.0770979066441,5.8604947341048,37.8589026134443
5,0,"N",199505,2.79585318663693,2.06100979925315,11.8844086614371
5,0,"Y",18026,12.753760124265,5.71542549650505,37.2836602685011
6,0,"N",208929,2.80989747713338,2.06737360538748,12.0261275840118
6,0,"Y",18874,12.922967574441,5.8952087527816,37.6494129490304
7,0,"N",165585,2.8585097683969,2.01123797445421,12.1137592173204
7,0,"Y",18442,13.0092381520442,5.57964103676391,37.9284735928858
8,0,"N",167375,2.809468678118,2.00256328603435,11.9437557580284
8,0,"Y",18854,12.6662299777236,5.28711626180121,37.1656507902832
9,0,"N",183720,2.78577384062704,2.05300359242325,11.9997003048117
9,0,"Y",14339,13.1239807517958,5.65561545435525,38.2205607085571
10,0,"N",189189,2.78452277880849,2.11334623048909,12.1205397776826
10,0,"Y",15958,13.2880517608723,5.70385699962401,38.6955558340644
11,0,"N",190875,2.7408591486575,2.10658231827112,11.9530201440733
11,0,"Y",11350,13.5737383259912,5.87282731277533,39.1093215859031
12,0,"N",201635,2.82640171597193,2.13788851141915,12.1788444466486
12,0,"Y",15387,12.7679469682199,5.63285045817898,37.2427263274192
1,1,"N",143999,2.77300960423336,1.6719841804457,11.4678827630747
1,1,"Y",5238,13.1723520427644,5.36528827796869,38.1274207712868
2,1,"N",134630,2.76832533610637,1.96037844462601,11.4115501745525
2,1,"Y",4510,13.441733924612,5.64915077605322,38.8120399113082
3,1,"N",164159,2.80942245018549,2.02209930616049,11.6223562521702
3,1,"Y",6120,14.0213120915033,5.57383986928105,40.2430980392157
4,1,"N",134308,2.83311321738095,1.98827888137713,11.6658707597463
4,1,"Y",7918,13.7133606971457,5.39164814347057,39.4629754988634
5,1,"N",137115,2.84230988586223,1.97964701163257,11.7515611712796
5,1,"Y",9548,13.3991191872643,5.37414537075827,38.8878990364474
6,1,"N",149638,2.83944278859648,2.00598477659418,11.825041099186
6,1,"Y",10184,13.3785064807541,5.55940985860173,38.7120001963865
7,1,"N",116230,2.87605187989332,1.93573345951992,11.9040455132066
7,1,"Y",9518,13.3980888842194,5.41212544652238,38.9890523219164
8,1,"N",119132,2.88501829902965,1.95986107846758,11.9888746936172
8,1,"Y",10672,12.8957505622189,5.07256840329835,37.8033367691154
9,1,"N",133936,2.81245020009557,2.0017241070362,11.7472439075379
9,1,"Y",5235,14.0757096466094,5.17520916905444,40.5016370582617
10,1,"N",131962,2.80271547869841,2.01003811703369,11.7815581000591
10,1,"Y",5496,13.3532896652111,4.82452510917031,39.0484625181951
11,1,"N",147632,2.75189877533326,2.01909491167227,11.6655916738918
11,1,"Y",3737,13.5061573454643,4.87853090714477,39.0039122290607
12,1,"N",139322,2.87760533153414,2.07174861113105,11.9742275448242
12,1,"Y",6118,12.790019614253,5.23335894083034,37.392701863354
1,2,"N",107637,2.84830207084924,1.63098878638386,11.5622024954244
1,2,"Y",1765,13.2653257790368,4.67841359773371,39.1783909348442
2,2,"N",98395,2.8157484628284,1.89004583566238,11.42021007165
2,2,"Y",1389,13.675773938085,5.53452123830094,40.0668106551476
3,2,"N",109503,2.87298822863301,1.9487143731222,11.639460654046
3,2,"Y",1809,13.1015588723051,4.72849640685462,38.7900497512438
4,2,"N",95368,2.90135852696921,1.9199027975841,11.6513218270279
4,2,"Y",2961,14.0655488010807,5.21558932792975,40.7988922661263
5,2,"N",94951,2.92054712430622,1.89203357521248,11.736043538246
5,2,"Y",3525,13.3890184397163,5.02569929078014,39.1741787234043
6,2,"N",109439,2.9198491397034,1.93703990350789,11.861419786365
6,2,"Y",3580,13.1709916201117,5.01833798882682,38.8335055865922
7,2,"N",83630,2.94304197058472,1.8799512136793,11.9236574195863
7,2,"Y",4135,13.586084643289,5.16204111245466,39.8750931076179
8,2,"N",87140,2.9368185678219,1.89612497131053,12.0186050034427
8,2,"Y",4156,13.2444417709336,4.76416987487969,39.0191554379211
9,2,"N",97501,2.87060625019231,1.92893898524118,11.6933849909232
9,2,"Y",1735,14.2735619596542,5.19077809798271,41.4408357348703
10,2,"N",95223,2.87344769645989,1.9354799785766,11.7627043886456
10,2,"Y",1760,14.0980909090909,5.02739772727273,41.7991534090909
11,2,"N",98406,2.83657520882873,1.93631018433835,11.6490013820296
11,2,"Y",1474,13.9162211668928,4.3960447761194,40.6074491180461
12,2,"N",96062,2.96116934896213,2.01487799546126,11.989304615769
12,2,"Y",2627,12.4015911686334,4.6528701941378,37.0463760944043
1,3,"N",75968,2.96561762847515,1.53878461983993,11.7983765532856
1,3,"Y",2086,13.5301821668265,4.99759348034516,41.0502540747843
2,3,"N",68717,2.97299154503252,1.81424480114091,11.7681295749232
2,3,"Y",1825,14.0368328767123,6.06529863013699,41.9795945205479
3,3,"N",86166,2.98778694612724,1.87334679571989,11.9596391848293
3,3,"Y",2082,13.6856964457253,6.03253602305475,41.8401729106628
4,3,"N",65993,3.047966299456,1.83998848362705,18.0060570060461
4,3,"Y",2156,13.8680983302412,5.91952690166976,41.9363729128015
5,3,"N",65067,3.06643352236925,1.79031306192079,11.9952671861312
5,3,"Y",2450,13.4650244897959,5.54667346938776,41.628612244898
6,3,"N",74218,3.07544584871594,1.83754143199763,12.2377179390444
6,3,"Y",2594,13.0740747879722,5.51249807247494,40.4004279105628
7,3,"N",56028,3.08251499250375,1.76006639537374,12.2255839937174
7,3,"Y",2586,13.5234725444702,5.44172853828306,41.507498066512
8,3,"N",59793,3.07507852089709,1.77762129346245,12.2180989413476
8,3,"Y",2946,13.5795723014257,5.25261710794297,41.3022708757637
9,3,"N",65781,3.01005214271598,1.8083083261124,11.9776395919794
9,3,"Y",1906,13.4603672612802,5.41712486883526,41.4189979013641
10,3,"N",64758,3.00781602273078,1.84011720559622,12.0746063806788
10,3,"Y",2143,13.4478908072795,5.99737750816612,40.9867802146524
11,3,"N",66351,2.98863694593902,1.83572892646682,11.982437642236
11,3,"Y",2190,13.2430228310502,5.43354794520548,40.3589726027397
12,3,"N",64291,3.0775102269369,1.88785350982253,12.2444010825777
12,3,"Y",2693,13.3304678796881,5.59098403267731,40.4602562198292
1,4,"N",55975,3.17858669048682,1.31928092898615,12.2587244305494
1,4,"Y",5163,13.2134572922719,6.39390470656595,40.2769068371102
2,4,"N",49176,3.20633906783797,1.51218541564991,12.3335293639174
2,4,"Y",5119,13.2589587810119,6.86199062316859,40.3336706387966
3,4,"N",61236,3.24372444313802,1.61226076164348,12.563427232347
3,4,"Y",6020,13.1703338870432,6.96886212624585,40.2139667774086
4,4,"N",47527,3.25274959496707,1.57176362909504,12.5597311002167
4,4,"Y",6130,13.1034779771615,6.59095269168026,39.6705970636215
5,4,"N",48825,3.26924874551971,1.5644458781362,12.619035125448
5,4,"Y",6841,12.8649378745797,6.69541587487209,39.8021985089899
6,4,"N",52058,3.2788086365208,1.59204906066311,12.6680612009682
6,4,"Y",6450,12.7093100775194,6.57350852713178,39.4199968992248
7,4,"N",41077,3.34425420551647,1.48389658446332,12.9675684689729
7,4,"Y",5852,12.959506151743,6.18137047163363,40.1623496240601
8,4,"N",42539,3.34397893697548,1.54348480218153,12.9836679282541
8,4,"Y",6176,12.9403691709845,6.44312823834197,39.9490123056995
9,4,"N",45472,3.32648750879662,1.60882147255454,12.9980720003519
9,4,"Y",5913,12.9211144934889,6.42167596820565,39.3885912396415
10,4,"N",45906,3.31091425957391,1.58019409227552,12.8574763647453
10,4,"Y",6370,12.9238131868132,6.59807849293564,39.7864678178964
11,4,"N",47215,3.18455787355713,1.59968929365668,12.7039510748703
11,4,"Y",5703,13.0811818341224,6.7112993161494,39.9402945817991
12,4,"N",46242,3.33891051425111,1.65312356731975,13.1686408459842
12,4,"Y",6388,12.9206371321227,6.81042736380714,40.3470882905448
1,5,"N",63355,2.54306053192329,1.10797774445584,10.2350344882014
1,5,"Y",11347,13.8374900854852,6.88126553273993,41.738886049176
2,5,"N",53001,2.64929171147714,1.32343993509556,10.5525841021868
2,5,"Y",11173,14.1537948626152,7.43048778304842,42.2596760046541
3,5,"N",57737,2.72319188735127,1.36117913989296,10.8569717858566
3,5,"Y",12502,13.8422156454967,7.2266717325228,41.59898256279
4,5,"N",54636,2.58652262244674,1.41720074676038,10.4598971374186
4,5,"Y",12753,13.8878679526386,7.04523249431506,41.6332855014506
5,5,"N",55636,2.52251869293263,1.40921633474729,10.392582680279
5,5,"Y",14037,13.5330861295149,6.94527676854029,40.9595697086272
6,5,"N",53664,2.58979371645796,1.42697823494335,10.7300309332141
6,5,"Y",13562,13.4051754903407,6.71758295236691,40.4146003539301
7,5,"N",48840,2.77152497952498,1.36974058149058,11.2600714578215
7,5,"Y",11415,13.2363626806833,6.51045291283399,40.336667542707
8,5,"N",46488,2.79674991395629,1.38022543452074,11.4287994751334
8,5,"Y",11411,13.3452291648409,6.51950311103321,40.3141565156428
9,5,"N",47241,2.7499959780699,1.43187316102538,11.6834563197223
9,5,"Y",12214,13.2745644342558,6.54782053381366,40.356007859833
10,5,"N",51195,2.80513800175798,1.48143529641567,11.6544324641078
10,5,"Y",13397,13.3601156975442,6.647871911622,40.5255699037098
11,5,"N",48513,2.67316842908087,1.47748747758333,11.6719798816812
11,5,"Y",13344,13.4795368705036,6.7809817146283,40.7237942146283
12,5,"N",45947,2.82176028902866,1.44433151239472,11.9600128408819
12,5,"Y",12818,13.3856576689031,6.8092019035731,40.6691777188329
1,6,"N",161546,2.19970893739245,1.17692539586248,9.44851943099798
1,6,"Y",15206,13.9938326976194,6.88242470077601,42.6441161383664
2,6,"N",135645,2.2993618636883,1.42539592318183,9.71719562092226
2,6,"Y",15084,14.1240632458234,7.35344537258022,42.9339770617873
3,6,"N",143049,2.39298974477277,1.4721089976162,10.0550997210746
3,6,"Y",18269,13.7970463626909,7.1164070282993,41.969046472166
4,6,"N",138577,2.25598165640763,1.5020094965254,9.69796185514191
4,6,"Y",17874,13.6392956249301,6.78467606579389,41.4868837417478
5,6,"N",141279,2.31211623808209,1.50860963058912,9.89826166663128
5,6,"Y",20335,13.3863452176051,6.68270961396607,40.8596906810917
6,6,"N",128829,2.26666301841977,1.50777658756957,9.88441709552973
6,6,"Y",18820,13.3651349628055,6.6097821466525,40.764825717322
7,6,"N",122796,2.346269259585,1.48740235838301,10.1858097169289
7,6,"Y",16964,13.4631625795803,6.4931248526291,40.9525536430087
8,6,"N",114261,2.36653556331557,1.48243197591479,10.2387755227068
8,6,"Y",16747,13.4644730399475,6.35027527318326,40.8663838299397
9,6,"N",118174,2.36969604143043,1.53761360366917,10.5557212246349
9,6,"Y",16887,13.2658891454965,6.38994611239415,40.7822413691005
10,6,"N",127183,2.39801616568252,1.54836125897329,10.4493459817743
10,6,"Y",18135,13.1158279569892,6.61004852495175,40.5357275985663
11,6,"N",115051,2.31202345046979,1.54101268133263,10.4700878740732
11,6,"Y",16218,13.2679306942903,6.57913799482057,40.806076581576
12,6,"N",109433,2.37834684236017,1.52500041121051,10.486245556642
12,6,"Y",17339,13.2546000346041,6.73978314781706,40.9209752580887
1,7,"N",284360,2.07017755661837,1.39711555774371,9.83807592488395
1,7,"Y",18355,13.6908362843912,6.97776028330155,41.9884908744211
2,7,"N",247231,2.12768572711351,1.67000707840036,10.0780455929879
2,7,"Y",18216,13.6245761967501,7.27424626701801,42.0524335748792
3,7,"N",257990,2.17667010349238,1.67855040893058,10.1429743400907
3,7,"Y",21484,13.4299180785701,6.9158997393409,41.6441123626885
4,7,"N",256266,2.10936101550732,1.73082309007047,10.0348350542015
4,7,"Y",20473,13.1075738777903,6.64817662286915,40.7622815415425
5,7,"N",264119,2.13454359587913,1.73654572370787,10.2132369500112
5,7,"Y",23378,13.0240114637694,6.78560612541706,40.9109072632389
6,7,"N",224837,2.1286274501083,1.72983463575835,10.1753717582071
6,7,"Y",20287,12.8865529649529,6.61066002858974,40.1673036920195
7,7,"N",199039,2.19210998849472,1.69791819693628,10.32137792091
7,7,"Y",19428,13.024100782376,6.4083034795141,40.3654277331686
8,7,"N",185548,2.19508919524867,1.68607939724492,10.2444930152845
8,7,"Y",18918,12.9147362300455,6.13581879691299,39.7579712443176
9,7,"N",224162,2.16117879033913,1.77030179066925,10.6287356911519
9,7,"Y",19710,12.9104718417047,6.51378437341451,40.8200563165906
10,7,"N",252860,2.15009546784782,1.77401949695484,10.4335787392233
10,7,"Y",21031,12.8200912938044,6.56651609528791,40.5426365840902
11,7,"N",225118,2.08850238541565,1.76905191943781,10.4042875736281
11,7,"Y",18333,12.8753084601538,6.61785577919599,40.3842006218295
12,7,"N",210151,2.12602714238809,1.73103259085134,10.304490152319
12,7,"Y",19748,13.0399675916549,6.55818361353048,40.7400491188981
1,8,"N",352178,1.92178236573551,1.528184497612,11.2559098807989
1,8,"Y",19602,12.9790628507295,6.41857310478523,40.544414345475
2,8,"N",313113,1.9778921986631,1.82567309565556,10.5273816800963
2,8,"Y",19248,12.7363762468828,6.79325436408978,40.1510364713217
3,8,"N",329798,2.01430169376406,1.82517968574703,10.9793529675741
3,8,"Y",23267,12.8110082950101,6.63152103838054,40.417916792023
4,8,"N",318930,1.988355532562,1.86473439312702,10.55664506318
4,8,"Y",21993,12.5027499658982,6.42204155867776,39.4824466875824
5,8,"N",325143,2.01655653051119,1.88464475630722,10.7061713461462
5,8,"Y",24461,12.4121932872736,6.44738440783288,39.6520739135767
6,8,"N",291568,2.02056556275037,1.87297333726609,10.7191877366515
6,8,"Y",22287,12.323653250774,6.40876834028806,39.3834428141966
7,8,"N",265499,2.09395572111383,1.86618650164407,11.0077583719713
7,8,"Y",20936,12.3712151318303,6.09662160871227,39.2864940771876
8,8,"N",248777,2.10874807558577,1.85719548028958,10.8224573413137
8,8,"Y",21175,12.3647504132231,5.94579976387249,38.8466054309327
9,8,"N",271660,2.04199521460649,1.92100743576529,11.1728558124126
9,8,"Y",20489,12.1626487383474,6.18917516716287,39.4275313582898
10,8,"N",314576,2.00202065637557,1.89939105335436,10.8253770789889
10,8,"Y",22223,12.2510250641228,6.20989875354363,39.3870643027494
11,8,"N",280747,1.96485689962849,1.89571532376125,10.7995346343861
11,8,"Y",20169,12.3282319401061,6.28189548316724,39.3005567950816
12,8,"N",272719,1.98742658193965,1.83830323519813,10.4943313447175
12,8,"Y",21875,12.3940205714286,6.35906285714286,39.5736182857143
1,9,"N",343962,1.87582959745553,1.50606817032114,10.4344835476012
1,9,"Y",20395,12.3242598676146,6.16088747241971,38.5386624172591
2,9,"N",314476,1.93003593278978,1.79565696587339,10.5507381803381
2,9,"Y",20318,12.3109804114578,6.65458608130722,38.9911000098435
3,9,"N",335855,1.95842205713775,1.81473493025264,10.701529558887
3,9,"Y",23993,12.0209823698579,6.39357896053015,38.3157187513025
4,9,"N",320898,1.96097822360999,1.838006220045,10.7901062954584
4,9,"Y",23159,11.9608588453733,6.2285042532061,37.8684887084935
5,9,"N",326102,1.94224463511417,1.86323598138006,10.8162324671422
5,9,"Y",25431,11.9180177735834,6.28461051472612,38.3950178915497
6,9,"N",298056,1.95427849129023,1.85128962342647,10.920356644389
6,9,"Y",23594,11.8564435873527,6.1800661185047,38.1335068237688
7,9,"N",275634,2.01299502238476,1.81946686548104,11.074427429127
7,9,"Y",21923,11.8538242941203,5.96702914747069,38.038302239657
8,9,"N",264136,2.0395104415907,1.80983186691704,10.9858519853409
8,9,"Y",21433,11.6580618672141,5.6903597256567,37.1840535622638
9,9,"N",275274,1.99594088072248,1.8912896241563,11.3308235794154
9,9,"Y",21735,11.9048097538532,6.22615458937198,38.9230816655164
10,9,"N",318570,1.95808437705999,1.88158922685752,11.0111509872242
10,9,"Y",22869,11.7485268267086,6.13619790983427,37.9677108749836
11,9,"N",290979,1.92377958546837,1.87153619333354,10.9279803009839
11,9,"Y",20655,11.8974640522876,6.11864294359719,38.1682929072864
12,9,"N",288414,1.94487174686388,1.80681405895692,10.6324445068547
12,9,"Y",22340,11.9355102954342,5.96370814682184,38.116996866607
1,10,"N",337230,1.88312042226374,1.41957100495211,10.3253230436201
1,10,"Y",22597,12.1351104128867,6.13659689339293,37.7457295216179
2,10,"N",306656,1.93360557106334,1.71552332255035,10.3932193076281
2,10,"Y",21658,11.9834310647336,6.61232062055591,37.7195567457752
3,10,"N",334628,1.95807640125752,1.74262270341992,10.6168747683995
3,10,"Y",27378,11.9873500620937,6.24028818759588,37.7253013368398
4,10,"N",322562,1.96256046899511,1.76657473601974,10.7251274793683
4,10,"Y",26144,12.0870031364749,5.94812041003672,37.7932500764994
5,10,"N",324379,1.93704339676736,1.80390999417348,10.8313089318359
5,10,"Y",28984,11.8777004554237,6.0167161192382,37.7108963566105
6,10,"N",301427,2.10075351577662,1.79297199653647,12.0882763322463
6,10,"Y",25619,11.9007299270073,5.94158515164526,37.9318142784652
7,10,"N",273883,2.02378982996389,1.72320403237879,11.0096155292588
7,10,"Y",24240,12.0337211221122,5.60521163366337,38.2570082508251
8,10,"N",260771,2.04051481951597,1.71283252355515,10.9537006415591
8,10,"Y",25266,11.7909593920684,5.33190888941661,37.2741886329455
9,10,"N",278988,1.9867746999871,1.81916483863105,11.2227889371586
9,10,"Y",25226,11.8127772932688,5.83685285023389,43.7772013002458
10,10,"N",319572,1.94669795851952,1.81047782659307,11.0139958444419
10,10,"Y",26295,11.7656421372885,5.86060467769538,37.4134306902453
11,10,"N",298853,1.92138395799942,1.8020911284143,10.870793433561
11,10,"Y",24260,11.7117971970322,6.03395754328112,37.2649567188788
12,10,"N",303186,1.99037712823151,1.74465763590667,10.6643641856814
12,10,"Y",24707,11.7571461529121,5.95946573845469,37.5863560934148
1,11,"N",353773,1.88113021626862,1.39489353342398,10.2056549256161
1,11,"Y",20177,12.1849219408237,6.39210487188383,38.0830187837637
2,11,"N",318061,1.93805534158542,1.70501897434769,10.8119581149528
2,11,"Y",20368,11.9621062450903,6.7471145915161,37.8670438923802
3,11,"N",352228,1.95254321064765,1.74128882428427,10.7400237346264
3,11,"Y",26078,11.8168218421658,6.44549812102155,37.6110211672674
4,11,"N",337605,1.9507245745768,1.75757974556064,10.8999280816339
4,11,"Y",27395,12.0394447891951,6.12064829348421,38.0107402810732
5,11,"N",343065,1.92205555798464,1.79925428125865,10.9816845787241
5,11,"Y",30062,11.971737409354,6.22145233184752,38.4042591976582
6,11,"N",316607,1.93664410452075,1.78831734611048,11.0677553244243
6,11,"Y",28108,12.1381193966131,6.21410594848442,38.7624551729045
7,11,"N",287672,2.00479938958258,1.70223149976362,11.0566747545816
7,11,"Y",25727,12.2123605550589,5.92422085746492,38.8010362654021
8,11,"N",271600,2.03195073637703,1.68603847569956,10.9727935935199
8,11,"Y",26581,11.928412776043,5.70112185395583,38.0482976562206
9,11,"N",292595,1.98892831388096,1.82375980450794,11.442619183513
9,11,"Y",26623,12.0586226195395,6.05411185816775,38.6551617022875
10,11,"N",332850,1.94868514345801,1.82314976716239,11.3169765660207
10,11,"Y",27858,11.993123698758,6.15496338574198,38.4740211070429
11,11,"N",319882,1.91922768395846,1.79673723435517,11.0295659962111
11,11,"Y",24008,11.6541669443519,6.0629865044985,37.5527890703099
12,11,"N",329084,1.90844453087965,1.7437945327029,10.8637864800476
12,11,"Y",25111,11.7783294173868,6.09187049500219,38.0173875990602
1,12,"N",374328,1.88252030304973,1.36651225663055,10.3026722286337
1,12,"Y",25015,12.4099676194283,6.35498181091345,38.5732748350989
2,12,"N",334994,1.92826474504021,1.67190597443536,10.4019143924966
2,12,"Y",25151,12.3238813566061,6.73046757584191,38.5531465945688
3,12,"N",368906,1.95380782638396,1.72778290404602,10.7266678232395
3,12,"Y",29761,12.0699270857834,6.5287003124895,38.1335902691442
4,12,"N",351951,1.94045759210799,1.74400675093976,10.9463598910076
4,12,"Y",30525,12.3754273546274,6.27525372645373,38.9439993447993
5,12,"N",359602,1.90569042997536,1.77830857447956,11.0374330509841
5,12,"Y",34251,12.4720504510817,6.46987124463519,39.8781521707395
6,12,"N",333563,1.91827324973094,1.77050446242539,11.1429782979527
6,12,"Y",30901,12.4030979579949,6.41377172259797,39.6677709459241
7,12,"N",306969,1.979047656278,1.67589724043796,11.0183422756044
7,12,"Y",28148,12.1999310785846,5.94883011226375,38.9756380559898
8,12,"N",295244,1.98154079337768,1.67422040752733,10.9367306024847
8,12,"Y",28831,12.129178661857,5.81691720717283,53.1440234469841
9,12,"N",311176,1.95986287502892,1.81060621641772,11.4127383538576
9,12,"Y",29421,12.309085347201,6.2664878828048,39.4651602596785
10,12,"N",346936,1.93095147231766,1.80916895335163,11.3677999112228
10,12,"Y",30725,12.1516947111473,6.25247095199349,39.1363020341741
11,12,"N",338354,1.89650842017532,1.78604925610455,11.0420643763632
11,12,"Y",29109,12.2991270741008,6.19948022948229,39.0663306881033
12,12,"N",349832,1.88317689633881,1.74595748816575,10.9404324647259
12,12,"Y",28988,12.3126486822133,6.1364126535118,39.3294832344418
1,13,"N",373404,1.90385314565457,1.35994957204529,10.0601545243222
1,13,"Y",29051,13.0754115176758,6.47288148428626,40.3179198650649
2,13,"N",335347,1.96013743972661,1.6626921964413,10.4108811768109
2,13,"Y",28432,13.1951621412493,6.87708251266179,40.6457642796849
3,13,"N",369045,1.97775387825333,1.70666896990882,10.6521309054451
3,13,"Y",34169,12.7365819895227,6.56181275425093,39.6989584125962
4,13,"N",351953,1.96649652084227,1.73825115853537,10.9338624191298
4,13,"Y",33954,12.9382561701125,6.3480476527066,40.4516015786064
5,13,"N",360857,1.91808738641623,1.77087779923903,11.022268738032
5,13,"Y",38491,12.9833283105141,6.51712114520277,41.2481213790237
6,13,"N",336295,1.9276341902199,1.75671847633774,11.0803129692681
6,13,"Y",34602,12.98652274435,6.65677735391018,41.4064661002254
7,13,"N",311920,1.98269777507053,1.66594511413183,10.9951724480636
7,13,"Y",30847,12.9928758063993,6.19840632800596,40.7002739326353
8,13,"N",297250,1.99420013456686,1.6473683431455,10.9280324978974
8,13,"Y",31664,12.6868661571501,6.08978745578575,40.4386492546741
9,13,"N",308877,1.97731125982187,1.7821320137142,11.3817828779741
9,13,"Y",33623,12.967364601612,6.43847634060018,41.0335493560955
10,13,"N",340313,1.9541818267301,1.79176190742052,11.3320875488154
10,13,"Y",35687,12.8991391823353,6.40281839325244,40.7196732703786
11,13,"N",337993,1.9233714899421,1.7781804356895,11.1590574361007
11,13,"Y",33108,12.936917059321,6.40609610970158,40.798601546454
12,13,"N",349947,1.89946789085204,1.74155192071942,11.1120655127776
12,13,"Y",33927,12.8208002475904,6.31367494915554,40.9435016358652
1,14,"N",398009,1.91270305445354,1.36301498207327,10.1196058129339
1,14,"Y",33107,13.2008085903283,6.52795330292687,41.1827386957441
2,14,"N",352378,1.96017657174966,1.6786593941733,10.5145436150952
2,14,"Y",32945,13.2964808013356,6.86118955835483,41.60741660343
3,14,"N",386713,1.99185147641791,1.7183811767383,10.7722704693145
3,14,"Y",40421,13.1162482373024,6.68256079760521,41.2128801860419
4,14,"N",370600,1.9732886130599,1.73939986508365,10.9761060442526
4,14,"Y",37960,13.1880371443625,6.51039199157007,41.6983356164384
5,14,"N",378523,1.9268338779942,1.7834799206389,11.1351646795571
5,14,"Y",43865,13.0184326912117,6.64458338082754,42.1788136327368
6,14,"N",343927,1.94564645985921,1.76910335623548,11.2165996563224
6,14,"Y",40511,13.0720488262447,6.70829675890499,42.4331895040853
7,14,"N",321963,1.98046368682116,1.67347881588878,11.0414995822501
7,14,"Y",36065,13.0584314432275,6.24683959517538,41.5693908221267
8,14,"N",300684,2.01177072940363,1.65609995876069,10.9659390589456
8,14,"Y",36246,13.1028047232798,6.14083843734481,41.8363684268609
9,14,"N",326252,1.97046185157486,1.7782632137121,11.3710481774824
9,14,"Y",38984,13.1839557254258,6.56597988918531,42.4007751898215
10,14,"N",355477,1.95949217530248,1.80262616146755,11.4168143086613
10,14,"Y",41269,13.1226155225472,6.6010300709976,42.3344033051443
11,14,"N",349989,1.92893285217535,1.79445802582367,11.2045091988605
11,14,"Y",39192,13.0009805572566,6.61571264543784,41.958646152276
12,14,"N",362302,1.91552265789314,1.76344005829391,11.1985012779394
12,14,"Y",38806,13.0574416327372,6.59802968613101,42.3165943410813
1,15,"N",416150,1.9068133605671,1.36822998918659,10.143652312868
1,15,"Y",34267,12.666407330668,6.47988560422564,40.4875404908513
2,15,"N",360749,1.970826086836,1.68285295316134,10.5695816759021
2,15,"Y",33292,12.7796623813529,6.90578397212544,41.198381893548
3,15,"N",387589,2.00652967447477,1.73116401652266,10.9102686350748
3,15,"Y",41316,12.7753516797367,6.70936441088198,41.4723777713235
4,15,"N",373686,1.96783700754109,1.7423935871293,10.9743664199355
4,15,"Y",39986,12.8461283949382,6.52087055469414,42.1294903216126
5,15,"N",373337,1.96015390920268,1.77374594535232,11.3183694356573
5,15,"Y",42681,12.6855488390619,6.6696396523043,42.3781905297439
6,15,"N",338103,1.97382445586108,1.76025492231657,11.2827026379535
6,15,"Y",38844,12.7811134280713,6.70867598599526,42.6211512717537
7,15,"N",319236,1.99690930847398,1.68059279028681,11.1817561929106
7,15,"Y",35361,12.8563459743786,6.30667232261531,41.7490161477334
8,15,"N",299994,2.02789039114116,1.65835713380934,11.0768467036007
8,15,"Y",36990,12.7817188429305,6.15211002973777,41.7173733441471
9,15,"N",327814,1.97357406944182,1.78511247231662,11.4550329760169
9,15,"Y",39336,13.0139920174903,6.71137075452512,43.1654436139923
10,15,"N",356985,1.96269313836716,1.81603014132246,11.5167023264283
10,15,"Y",41002,12.9318962489635,6.77240134627579,43.0270569728306
11,15,"N",355168,1.86746553743581,1.79464194409406,11.2935382410578
11,15,"Y",37623,12.7619057491428,6.78880791005502,42.4882359195173
12,15,"N",366921,1.91664309210975,1.76485267945961,12.4152092684801
12,15,"Y",36901,12.7436871629495,6.74068697325276,42.8062781496436
1,16,"N",384889,1.94843204144572,1.45327034547623,10.8640342280502
1,16,"Y",33716,12.964080555226,6.91285621070115,41.2367831296714
2,16,"N",341746,2.00135884545832,1.76659463461167,10.647020447935
2,16,"Y",33072,13.2024830672472,7.31088534107402,42.2974241049831
3,16,"N",368772,2.03278573210547,1.81447029600946,10.9769220548198
3,16,"Y",39995,12.9209201150144,7.0895584448056,41.8186340792599
4,16,"N",353091,2.00257905185915,1.82346887912748,11.0574455310387
4,16,"Y",38610,12.912646982647,6.8999842009842,42.2957847707848
5,16,"N",349894,1.9857639742322,1.87317396125684,11.4465126009591
5,16,"Y",40698,12.8320180352843,6.91624305862696,42.8803550543024
6,16,"N",317100,2.01186549984232,1.8676839482813,11.5220661936298
6,16,"Y",38139,12.7957809591232,7.01144995935919,42.9519591494271
7,16,"N",298799,2.04288478207758,1.7987261336216,11.4996083320225
7,16,"Y",33941,12.8359008279073,6.48294717303556,42.0376031937774
8,16,"N",291457,2.06449476252071,1.77636581039399,11.288641892286
8,16,"Y",34361,12.737683129129,6.28963097697972,41.7762530194115
9,16,"N",310315,2.00993851409052,1.885961361842,11.5363534473035
9,16,"Y",37244,12.9376374718075,6.83880651917087,43.2369031253356
10,16,"N",335300,1.98620304205189,1.90976251118401,11.5912875932001
10,16,"Y",38401,12.7729905471212,6.89802322856176,42.8449532564256
11,16,"N",329088,1.94715945279074,1.88786145347141,11.3486672561746
11,16,"Y",35305,12.8669109191333,6.95799008639003,42.9120869565217
12,16,"N",335902,1.94245649028586,1.900131824163,11.5475822710195
12,16,"Y",35109,12.8389535446752,6.97197727078527,43.4352852544932
1,17,"N",436963,1.92953135620178,1.52381977421429,10.1872703180819
1,17,"Y",29491,12.9716381268862,6.70207283578041,40.6763721135262
2,17,"N",391756,1.98264363532403,1.84215192619896,10.5626802397411
2,17,"Y",29787,13.012409104643,7.00302245946218,41.1973975224091
3,17,"N",427045,2.01709892400098,1.86440738095517,10.7990347387278
3,17,"Y",36814,12.9111536372032,6.79596050415603,41.1194423317216
4,17,"N",411090,1.99317178719988,1.88319613709893,10.8585673696757
4,17,"Y",37038,13.1470743560667,6.54321183649225,42.1723664884713
5,17,"N",410208,1.97712855429441,1.93580890670099,11.3079838764724
5,17,"Y",38572,13.0034167271596,6.47994451934045,42.3339676449238
6,17,"N",363555,2.01894164569322,1.93036638197797,11.4172641828609
6,17,"Y",36576,13.1333740704287,6.68154199475066,42.8183098206474
7,17,"N",334954,2.0366073550398,1.86241182371311,11.3660057798981
7,17,"Y",33533,13.2337118659231,6.33534041093848,42.0724185131065
8,17,"N",330954,2.0537779268418,1.82440744030892,11.1305557569934
8,17,"Y",33567,13.0483945541752,6.03899842106831,41.5496222480412
9,17,"N",357440,2.01102014324082,1.94913344897046,11.3951584881379
9,17,"Y",36126,13.0581531307092,6.61939600287881,42.4230047611139
10,17,"N",395110,1.96569762850852,1.96956004656931,11.3808181519071
10,17,"Y",38324,13.0747695960756,6.6382071286922,42.3093828932262
11,17,"N",380189,1.94708729079484,1.96943296623521,11.3665422723961
11,17,"Y",32403,12.7162401629479,6.82211647069716,41.9368873252477
12,17,"N",370766,1.96272320007768,1.96140393132056,11.5411949855165
12,17,"Y",33077,12.6872089367234,6.673967711703,42.4490915137407
1,18,"N",485675,1.92135057394348,1.58245645750759,9.99294106140938
1,18,"Y",28358,12.7882459976021,6.44712074194231,39.2091353409972
2,18,"N",444983,1.96083564990123,1.90336426335388,10.3482855749545
2,18,"Y",27389,12.7936569425682,6.90550476468655,64.3010668516558
3,18,"N",481892,1.9805839690221,1.90658975455081,10.4359171349597
3,18,"Y",34884,12.9693859649123,6.6607046210297,40.1631120284371
4,18,"N",465374,1.97996087018183,1.92898907115567,10.5402778410483
4,18,"Y",32776,12.9688753966317,6.24832651940444,40.3862493897974
5,18,"N",462981,1.94515247925941,1.95411092463838,10.8092666653707
5,18,"Y",32746,12.7464160508154,6.38713308495694,40.3939824711415
6,18,"N",402630,1.97954968581576,1.94813446588679,10.9387340486303
6,18,"Y",32065,12.824265710276,6.34541369094028,40.8923948230157
7,18,"N",381401,2.02103707121901,1.91010959593708,10.9037549193631
7,18,"Y",30030,12.9302913752914,5.94006227106227,40.5858045288045
8,18,"N",365714,2.03969711304462,1.86987985146863,10.7602061173485
8,18,"Y",29369,13.0354404303858,5.73534747522898,40.6958670707208
9,18,"N",401199,1.99833713443952,1.97994229796186,11.0114780445614
9,18,"Y",31128,13.0192694680031,6.14584361346698,41.1554600359805
10,18,"N",448535,1.96893916862675,2.01209250114261,11.1158844014402
10,18,"Y",32814,12.6802791491437,6.25342689096118,40.628223014567
11,18,"N",422545,1.95502793785277,2.00241401507532,11.0524018506905
11,18,"Y",29039,12.6391349564379,6.36421295499156,40.3646217156238
12,18,"N",405740,1.87847165672598,1.99987403263173,11.3179291664613
12,18,"Y",30098,12.6021184131836,6.28774370390059,40.7309253106519
1,19,"N",446509,2.00691804644475,1.60774136691534,11.3054675717623
1,19,"Y",27846,13.0381584428643,6.26142102995044,38.9059103641457
2,19,"N",415873,2.0469987712595,1.92940897822172,10.2707911309462
2,19,"Y",25944,12.9267834566759,6.60085723095899,39.2101110083256
3,19,"N",461205,2.06544176667642,2.23695324205072,12.4087727800002
3,19,"Y",29874,12.8013225547299,6.49215672491129,38.683449487849
4,19,"N",437191,2.06515989578925,1.93470263569012,10.3789096527605
4,19,"Y",28958,12.993100697562,6.24519476483183,39.3744519649147
5,19,"N",436459,2.04062988734337,1.93714573419267,10.4181843884534
5,19,"Y",30490,12.8889622827156,6.26195277140046,39.3355887176123
6,19,"N",386255,2.06530900570866,1.94974128490246,10.6343935483036
6,19,"Y",28475,12.8854985074627,6.33337629499561,39.7379792800702
7,19,"N",369126,2.1163784182095,1.92443287657873,10.7523101325835
7,19,"Y",25376,12.8066858448928,5.89301308322825,39.2202892496847
8,19,"N",341689,2.12867514025912,1.8774633072765,10.5955997412852
8,19,"Y",25655,12.6348703956344,5.56727421555252,38.6401711167414
9,19,"N",390533,2.10807204512807,2.00070280872551,10.9122775540095
9,19,"Y",28498,12.886505017896,6.12363639553653,39.8716123938522
10,19,"N",428644,2.07941359263165,2.0200353206857,10.9407324493053
10,19,"Y",28225,12.7668205491585,6.18610735163862,39.6172726306466
11,19,"N",397774,2.04443601140346,1.99731191581149,10.8513100906545
11,19,"Y",27148,12.7310895830264,5.98989428318845,39.2126436569913
12,19,"N",387247,2.04778810423322,2.0129778410162,11.1584321376279
12,19,"Y",28245,12.5261196671977,5.94910603646663,38.9238027969552
1,20,"N",395432,2.2199435048251,1.66432878472152,10.2672146159137
1,20,"Y",26992,13.1336177385892,6.2367023562537,38.5379990367516
2,20,"N",369755,2.26385514732728,1.99846138659383,10.6285151519249
2,20,"Y",24997,13.278052966356,6.63250510061207,39.1318286194343
3,20,"N",415089,2.28124370918044,1.99840896771536,10.6669869112407
3,20,"Y",32077,13.0744689341273,6.4377254730804,38.6737266577298
4,20,"N",405117,2.28979679944312,2.00050649565434,10.7281192840587
4,20,"Y",29799,13.2996922715527,6.137914695124,39.3145780059734
5,20,"N",402237,2.25920783020955,1.98171848934832,10.6205639709922
5,20,"Y",30614,13.5118282485138,6.23302933298491,39.9475667995035
6,20,"N",345942,2.27703996623712,2.00865064085887,10.9221226390551
6,20,"Y",30509,13.1654197122161,6.22822904716641,39.2359041594284
7,20,"N",329530,2.32560989894699,1.98255840135951,11.0358094558917
7,20,"Y",27179,13.1102012583244,5.89728981934582,39.0993862908863
8,20,"N",318217,2.31938343960254,1.93371400647986,10.8545076787224
8,20,"Y",26676,13.1197267206478,5.65866959064327,39.0104116059379
9,20,"N",353655,2.3282666723219,2.05184979711866,11.236116158403
9,20,"Y",28915,13.3098118623552,6.00800795434895,39.6720840394259
10,20,"N",384845,2.28909670126934,2.08190679364419,11.1766353726825
10,20,"Y",31595,13.0949906630796,6.02004146225669,39.1545633802817
11,20,"N",357874,2.24987481627612,2.07194280668615,11.1448973940549
11,20,"Y",26485,13.140093260336,6.0285795733434,38.9248061166698
12,20,"N",355988,2.24404774880052,2.0538456071553,11.3238481353304
12,20,"Y",27140,12.9404465733235,5.72978555637436,38.622354458364
1,21,"N",381732,2.36838394475705,1.73247031949116,10.6595941393438
1,21,"Y",27491,13.2901156742207,6.33391109817759,38.6478116474483
2,21,"N",362005,2.39965649645723,2.07107015096477,10.9457154182953
2,21,"Y",24183,13.1569726667494,6.51029855683745,38.543723276682
3,21,"N",414224,2.41695744331569,2.07625692861833,10.9960790297037
3,21,"Y",31298,13.1624218799923,6.24332960572561,44.203261869768
4,21,"N",393905,2.45108711491349,2.09182924816897,11.118861629073
4,21,"Y",28665,13.0866705040991,5.92513413570556,38.5207922553637
5,21,"N",412030,2.45236118729219,2.09016697813266,11.1910227653326
5,21,"Y",28934,13.0563468583673,6.05181136379346,38.6247152139352
6,21,"N",361626,2.44327058895102,2.10115387167958,11.4316685194096
6,21,"Y",27676,12.9646668593727,5.95748374042492,38.6014438502674
7,21,"N",329568,2.47394037042431,2.05960672759491,11.4141354439751
7,21,"Y",25386,13.1321555187899,5.74203616166391,38.96444654534
8,21,"N",307104,2.47818455637178,2.01831675914348,11.2617082486715
8,21,"Y",26253,12.9739241229574,5.46690206833505,38.4001896926066
9,21,"N",340305,2.48656901896828,2.12541966765108,11.5241122228589
9,21,"Y",26325,12.8929595441595,5.75357113010446,38.1844786324786
10,21,"N",379908,2.46168603977805,2.1727160523074,11.5677368994599
10,21,"Y",27992,12.8778633180909,5.63724992855101,38.0195963132324
11,21,"N",361758,2.41361360356924,2.14546340371187,11.465287070362
11,21,"Y",24171,12.8821579578834,5.86905341111249,37.9581494352737
12,21,"N",359991,2.42049742910239,2.13788100258062,11.6446730334925
12,21,"Y",25714,12.7318923543595,5.67346970521895,37.6384529828109
1,22,"N",343941,2.49086779418563,1.76993350603737,10.9991864593055
1,22,"Y",24509,12.8075772165327,6.02889877187972,37.2528699661349
2,22,"N",346251,2.54379349084912,2.11938301983243,11.3671845279869
2,22,"Y",21025,12.731568608799,6.36109155766944,37.231183353151
3,22,"N",393174,2.57460045679521,2.15238975618937,11.4809112250556
3,22,"Y",26545,12.9741182896967,6.29788736108495,37.9211994725937
4,22,"N",378180,2.60026392194193,2.15105441853086,11.538692474483
4,22,"Y",24060,12.9782780548628,5.93495220282627,37.9542140482128
5,22,"N",380647,2.60396506474503,2.15174445089545,11.6271086334583
5,22,"Y",26322,12.8439461287136,5.9782638097409,38.000196033736
6,22,"N",345918,2.59471183922201,2.15087668175695,11.7918045606184
6,22,"Y",23944,12.7185486969596,5.94012487470765,37.7792996157701
7,22,"N",302789,2.60611769251855,2.09095974424434,11.7324749908352
7,22,"Y",21680,12.6003496309963,5.6696176199262,37.3849640221402
8,22,"N",288222,2.58937974894352,2.05645439973354,11.6216240606199
8,22,"Y",22506,12.5637421132143,5.43893717230961,37.2478619034924
9,22,"N",313332,2.60831271622432,2.17435972067966,11.8260758237269
9,22,"Y",23292,12.8083526532715,5.89299544908123,37.7328653614975
10,22,"N",347730,2.59635104822707,2.20280044862393,11.8908165243148
10,22,"Y",24790,12.7287410246067,5.81825615167406,37.4677878176684
11,22,"N",340101,2.55729165747822,2.18999603059091,11.8033523570939
11,22,"Y",21404,12.6656139039432,5.71364230984863,37.1932031396001
12,22,"N",334068,2.60131793527066,2.20443670150987,12.0510845696086
12,22,"Y",22055,12.5833121741102,5.5717909771027,37.0017084561324
1,23,"N",261171,2.61255997028767,1.7312101266986,11.2673411672812
1,23,"Y",20360,12.5306218074656,5.76758202357564,36.3999852652259
2,23,"N",264560,2.65285164045963,2.08566143785909,11.5750249092833
2,23,"Y",17622,12.4321694472818,6.0715038020656,36.3401316536148
3,23,"N",310667,2.69954736100069,2.13628122716607,11.8355139425816
3,23,"Y",23712,12.7109328609986,6.01657726045884,37.1468108974359
4,23,"N",287724,2.73405152159709,2.12272045432428,11.8173752276487
4,23,"Y",21799,12.6745460800954,5.83050231662003,37.0084563512088
5,23,"N",295006,2.71828267899636,2.1287673471048,11.8953320271452
5,23,"Y",23686,12.6286008612683,5.66467533564131,37.1831073207802
6,23,"N",278045,2.71083392975957,2.12557629160747,12.005536190185
6,23,"Y",22384,12.8165926554682,5.913691922802,37.7146895103645
7,23,"N",237395,2.72324155942627,2.04135487268055,11.9096036563533
7,23,"Y",22108,12.6919843495567,5.54965397141306,37.396536095531
8,23,"N",229579,2.69816146076078,2.02557002164832,11.7938435571198
8,23,"Y",22972,12.6311139648267,5.44527990597249,37.1233070694759
9,23,"N",246952,2.71256171239755,2.1356819543879,12.0671699763517
9,23,"Y",20370,12.6730314187531,5.66556504663721,37.0736578301424
10,23,"N",275418,2.69103351995875,2.16169578604158,12.0612076552731
10,23,"Y",20706,12.7613087993818,5.61801844875881,37.4972162658167
11,23,"N",263738,2.66620585581145,2.15072632688501,11.9394285616786
11,23,"Y",17206,12.5575572474718,5.63625595722422,36.7829931419272
12,23,"N",274584,2.72933364653439,2.17876540512193,12.1871222649535
12,23,"Y",19760,12.4800106275304,5.49892560728745,36.6057105263158
