"pu_hour","pu_month","pu_wday","avg_tip_amount"
0,"Jan","Sun",1.75884517009123
0,"Jan","Mon",2.0874489188653
0,"Jan","Tue",2.02821752481611
0,"Jan","Wed",1.99033215277113
0,"Jan","Thu",2.03499279654234
0,"Jan","Fri",2.15517935225673
0,"Jan","Sat",1.87534272488539
0,"Feb","Sun",2.06775722566621
0,"Feb","Mon",2.270727766463
0,"Feb","Tue",2.51280245716133
0,"Feb","Wed",2.30838716635212
0,"Feb","Thu",2.33726992453525
0,"Feb","Fri",2.29061871141581
0,"Feb","Sat",2.21702085172573
0,"Mar","Sun",2.14633785912535
0,"Mar","Mon",2.67189726027397
0,"Mar","Tue",2.3741812313501
0,"Mar","Wed",2.39250998569949
0,"Mar","Thu",2.42299829351536
0,"Mar","Fri",2.49956856520091
0,"Mar","Sat",2.31725235904602
0,"Apr","Sun",2.08412650540613
0,"Apr","Mon",2.66975535547966
0,"Apr","Tue",2.49914245810056
0,"Apr","Wed",2.34495360275848
0,"Apr","Thu",2.43912782900251
0,"Apr","Fri",2.42407281703178
0,"Apr","Sat",2.26059837369631
0,"May","Sun",2.07122982511352
0,"May","Mon",2.47981050316906
0,"May","Tue",2.54996036169949
0,"May","Wed",2.51723507491654
0,"May","Thu",2.44651052407607
0,"May","Fri",2.55520424010847
0,"May","Sat",2.22870851192747
0,"Jun","Sun",2.12552507042254
0,"Jun","Mon",2.72294282261655
0,"Jun","Tue",2.57357256596906
0,"Jun","Wed",2.42568876159302
0,"Jun","Thu",2.51255778600663
0,"Jun","Fri",2.5776635948481
0,"Jun","Sat",2.27741784449199
0,"Jul","Sun",2.09383063918137
0,"Jul","Mon",2.74683047188239
0,"Jul","Tue",2.52747335678956
0,"Jul","Wed",2.46860462373201
0,"Jul","Thu",2.3870639969261
0,"Jul","Fri",2.44772641165756
0,"Jul","Sat",2.18789868345736
0,"Aug","Sun",2.0311448618623
0,"Aug","Mon",2.55000843041079
0,"Aug","Tue",2.46216959258032
0,"Aug","Wed",2.40425201160436
0,"Aug","Thu",2.50394833668399
0,"Aug","Fri",2.44449771376941
0,"Aug","Sat",2.24062140148855
0,"Sep","Sun",2.0916826660423
0,"Sep","Mon",2.32524998621906
0,"Sep","Tue",2.62126133713397
0,"Sep","Wed",2.32540565524742
0,"Sep","Thu",2.5086772752143
0,"Sep","Fri",2.45601776163084
0,"Sep","Sat",2.26099580834163
0,"Oct","Sun",2.16067800554251
0,"Oct","Mon",2.68279179202345
0,"Oct","Tue",2.53400799147576
0,"Oct","Wed",2.42804563007679
0,"Oct","Thu",2.48392537864795
0,"Oct","Fri",2.54493659507528
0,"Oct","Sat",2.31639409626611
0,"Nov","Sun",2.16863344187423
0,"Nov","Mon",2.63635775127768
0,"Nov","Tue",2.49113611932276
0,"Nov","Wed",2.33712305867127
0,"Nov","Thu",2.37996156370113
0,"Nov","Fri",2.34872744462453
0,"Nov","Sat",2.27770682176273
0,"Dec","Sun",2.17638151194673
0,"Dec","Mon",2.57581775307394
0,"Dec","Tue",2.44010630396435
0,"Dec","Wed",2.36507036608177
0,"Dec","Thu",2.4932405511811
0,"Dec","Fri",2.53866590126292
0,"Dec","Sat",2.35218945690539
1,"Jan","Sun",1.73702203394079
1,"Jan","Mon",1.78830725796965
1,"Jan","Tue",1.90669574423036
1,"Jan","Wed",1.77339653158415
1,"Jan","Thu",1.80717692815733
1,"Jan","Fri",1.88064855228376
1,"Jan","Sat",1.77843806104129
1,"Feb","Sun",2.06154395832373
1,"Feb","Mon",1.88926221804511
1,"Feb","Tue",2.23593371347113
1,"Feb","Wed",2.21312451737452
1,"Feb","Thu",2.24822311232316
1,"Feb","Fri",1.98663683285746
1,"Feb","Sat",2.06574892269353
1,"Mar","Sun",2.05713987547757
1,"Mar","Mon",2.32745344024832
1,"Mar","Tue",2.15171635049684
1,"Mar","Wed",2.10259981078524
1,"Mar","Thu",2.21584288577154
1,"Mar","Fri",2.20350159294965
1,"Mar","Sat",2.1941935483871
1,"Apr","Sun",2.0523294128851
1,"Apr","Mon",2.30318595844847
1,"Apr","Tue",2.27484787725569
1,"Apr","Wed",2.09121533280507
1,"Apr","Thu",2.24139905681563
1,"Apr","Fri",2.28118485262541
1,"Apr","Sat",2.20150934779506
1,"May","Sun",1.98126727740276
1,"May","Mon",2.38742241855329
1,"May","Tue",2.32925227424007
1,"May","Wed",2.33955211558308
1,"May","Thu",2.30898690950484
1,"May","Fri",2.39365099806825
1,"May","Sat",2.10210877612288
1,"Jun","Sun",2.08397655007949
1,"Jun","Mon",2.66329892692897
1,"Jun","Tue",2.37444713054446
1,"Jun","Wed",2.32353625858315
1,"Jun","Thu",2.37356690837179
1,"Jun","Fri",2.37821642196846
1,"Jun","Sat",2.11749907719032
1,"Jul","Sun",2.02498068807668
1,"Jul","Mon",2.45846007604563
1,"Jul","Tue",2.39165316340464
1,"Jul","Wed",2.10999856558847
1,"Jul","Thu",2.31384510032185
1,"Jul","Fri",2.38491896454699
1,"Jul","Sat",2.06031854183239
1,"Aug","Sun",1.99004769589385
1,"Aug","Mon",2.2996241852725
1,"Aug","Tue",2.20363458720078
1,"Aug","Wed",2.35197046212482
1,"Aug","Thu",2.46136332223409
1,"Aug","Fri",2.44961212021813
1,"Aug","Sat",2.06873512696324
1,"Sep","Sun",2.05156658202365
1,"Sep","Mon",2.03529895723716
1,"Sep","Tue",2.35765742452249
1,"Sep","Wed",2.12579552329099
1,"Sep","Thu",2.21109855229542
1,"Sep","Fri",2.20736692015209
1,"Sep","Sat",2.10076276575157
1,"Oct","Sun",2.08080992928991
1,"Oct","Mon",1.96150589868147
1,"Oct","Tue",2.0089058018972
1,"Oct","Wed",2.06719785448568
1,"Oct","Thu",2.17452380952381
1,"Oct","Fri",2.34281442117328
1,"Oct","Sat",2.10960897900072
1,"Nov","Sun",2.07516915293031
1,"Nov","Mon",1.90311496062992
1,"Nov","Tue",2.0865358974359
1,"Nov","Wed",2.05738893376414
1,"Nov","Thu",2.10402874776677
1,"Nov","Fri",2.15376801449395
1,"Nov","Sat",2.10239024151755
1,"Dec","Sun",2.065343323217
1,"Dec","Mon",2.2352972972973
1,"Dec","Tue",2.35458415354331
1,"Dec","Wed",2.04886550476817
1,"Dec","Thu",2.39162062090572
1,"Dec","Fri",2.28968328335832
1,"Dec","Sat",2.24064778761062
2,"Jan","Sun",1.69800602073118
2,"Jan","Mon",1.60537263232431
2,"Jan","Tue",1.78873615054841
2,"Jan","Wed",1.56076613482823
2,"Jan","Thu",1.6033649573676
2,"Jan","Fri",1.58819194859954
2,"Jan","Sat",1.69014298323036
2,"Feb","Sun",1.97332549708265
2,"Feb","Mon",1.81417592102944
2,"Feb","Tue",1.83057308435287
2,"Feb","Wed",2.01268690825988
2,"Feb","Thu",1.95870564859495
2,"Feb","Fri",1.91034995296331
2,"Feb","Sat",1.93547455839705
2,"Mar","Sun",1.99743952405006
2,"Mar","Mon",1.90298864557989
2,"Mar","Tue",1.89345718259487
2,"Mar","Wed",1.89183735420994
2,"Mar","Thu",1.92825656058068
2,"Mar","Fri",1.96231887095647
2,"Mar","Sat",2.05677489006504
2,"Apr","Sun",2.03317347525022
2,"Apr","Mon",1.93753664754621
2,"Apr","Tue",2.10536069842242
2,"Apr","Wed",1.83667431568595
2,"Apr","Thu",1.95196373056995
2,"Apr","Fri",2.01824304774152
2,"Apr","Sat",2.06223749522719
2,"May","Sun",1.93326403695807
2,"May","Mon",2.01736247046912
2,"May","Tue",1.86074341973076
2,"May","Wed",2.03511084043849
2,"May","Thu",2.12253618756371
2,"May","Fri",2.09951978537894
2,"May","Sat",1.99652982681206
2,"Jun","Sun",1.99957201442215
2,"Jun","Mon",2.20705703678704
2,"Jun","Tue",2.03092337164751
2,"Jun","Wed",2.04034670487106
2,"Jun","Thu",2.17500695088044
2,"Jun","Fri",2.06313157504816
2,"Jun","Sat",1.99720120779577
2,"Jul","Sun",1.99386810344828
2,"Jul","Mon",1.90360939962745
2,"Jul","Tue",2.28289545043688
2,"Jul","Wed",1.85174830640959
2,"Jul","Thu",2.20235777704702
2,"Jul","Fri",2.18283339260313
2,"Jul","Sat",1.96540893410768
2,"Aug","Sun",1.95641711000515
2,"Aug","Mon",2.02701632744352
2,"Aug","Tue",1.87984413270986
2,"Aug","Wed",1.9419272603671
2,"Aug","Thu",2.35354828595318
2,"Aug","Fri",2.15349942610222
2,"Aug","Sat",1.94980878211591
2,"Sep","Sun",1.97746893617021
2,"Sep","Mon",1.89726035416362
2,"Sep","Tue",2.06587393831024
2,"Sep","Wed",1.83205985621134
2,"Sep","Thu",1.94373518068847
2,"Sep","Fri",2.05340309939437
2,"Sep","Sat",2.02134778179774
2,"Oct","Sun",2.01218886479553
2,"Oct","Mon",1.77009385265134
2,"Oct","Tue",1.79748957148275
2,"Oct","Wed",1.88789124868203
2,"Oct","Thu",1.95582749723553
2,"Oct","Fri",2.08589366612531
2,"Oct","Sat",2.03302405498282
2,"Nov","Sun",2.00698757868516
2,"Nov","Mon",1.7818830207305
2,"Nov","Tue",1.86340557989394
2,"Nov","Wed",1.92746018298882
2,"Nov","Thu",1.95100351472549
2,"Nov","Fri",1.96565012114059
2,"Nov","Sat",1.99740851144796
2,"Dec","Sun",2.05025127794543
2,"Dec","Mon",1.93286090969018
2,"Dec","Tue",2.09119357518693
2,"Dec","Wed",1.94434604105572
2,"Dec","Thu",2.1887745036044
2,"Dec","Fri",2.21968855416961
2,"Dec","Sat",2.10222741739028
3,"Jan","Sun",1.64428081438811
3,"Jan","Mon",1.47648057058534
3,"Jan","Tue",1.69229323577936
3,"Jan","Wed",1.50337583366026
3,"Jan","Thu",1.52169212690952
3,"Jan","Fri",1.6052734259533
3,"Jan","Sat",1.68052040030793
3,"Feb","Sun",1.99222659980898
3,"Feb","Mon",1.73413591779542
3,"Feb","Tue",1.96316206694069
3,"Feb","Wed",1.8997654532128
3,"Feb","Thu",1.91736412459721
3,"Feb","Fri",1.88407351321586
3,"Feb","Sat",1.89642074237819
3,"Mar","Sun",2.01433313183492
3,"Mar","Mon",1.88141054402692
3,"Mar","Tue",1.85479061479061
3,"Mar","Wed",1.7733770257388
3,"Mar","Thu",1.98727126805778
3,"Mar","Fri",1.95349538265577
3,"Mar","Sat",1.97436094224924
3,"Apr","Sun",1.97532292405962
3,"Apr","Mon",1.69804489500362
3,"Apr","Tue",2.21842246587603
3,"Apr","Wed",1.85429403202329
3,"Apr","Thu",1.98649960691824
3,"Apr","Fri",1.93181461981144
3,"Apr","Sat",1.99906519470533
3,"May","Sun",1.91260470879802
3,"May","Mon",1.89071203681279
3,"May","Tue",1.84685973700689
3,"May","Wed",1.82435952012384
3,"May","Thu",1.99020537601933
3,"May","Fri",1.92420382165605
3,"May","Sat",1.97038923439846
3,"Jun","Sun",1.95907998948988
3,"Jun","Mon",1.83432477216239
3,"Jun","Tue",1.8327597799511
3,"Jun","Wed",1.90158931401404
3,"Jun","Thu",1.98732283464567
3,"Jun","Fri",2.02496151568976
3,"Jun","Sat",1.98334802644761
3,"Jul","Sun",1.90176238842721
3,"Jul","Mon",1.90992275574113
3,"Jul","Tue",1.87211985018727
3,"Jul","Wed",1.82750829916032
3,"Jul","Thu",1.89183562574291
3,"Jul","Fri",2.00189996996095
3,"Jul","Sat",1.96884634729033
3,"Aug","Sun",1.93355587290253
3,"Aug","Mon",1.80875772357724
3,"Aug","Tue",1.812703120173
3,"Aug","Wed",1.77937794040774
3,"Aug","Thu",2.18534540791794
3,"Aug","Fri",1.97564486185432
3,"Aug","Sat",1.9268238639149
3,"Sep","Sun",1.91290740592153
3,"Sep","Mon",1.79294425817267
3,"Sep","Tue",1.85398266897747
3,"Sep","Wed",1.82531361550229
3,"Sep","Thu",1.86481593110872
3,"Sep","Fri",1.96623450772873
3,"Sep","Sat",1.95035596197561
3,"Oct","Sun",1.97706511809996
3,"Oct","Mon",1.91116806461634
3,"Oct","Tue",1.68466108786611
3,"Oct","Wed",1.90152256056902
3,"Oct","Thu",1.93022896500372
3,"Oct","Fri",2.14449372937294
3,"Oct","Sat",1.9938815990235
3,"Nov","Sun",1.93859861159666
3,"Nov","Mon",1.9026353232292
3,"Nov","Tue",1.92914267434421
3,"Nov","Wed",1.95668466257669
3,"Nov","Thu",1.93603827072998
3,"Nov","Fri",1.94313506931435
3,"Nov","Sat",1.97841573240213
3,"Dec","Sun",2.00916983202499
3,"Dec","Mon",1.9634777598525
3,"Dec","Tue",1.94997045166737
3,"Dec","Wed",1.97554587155963
3,"Dec","Thu",2.17084695393759
3,"Dec","Fri",2.14842756183746
3,"Dec","Sat",2.04439365779998
4,"Jan","Sun",1.60416796498257
4,"Jan","Mon",1.80410978043912
4,"Jan","Tue",1.74255533911812
4,"Jan","Wed",1.92862128541811
4,"Jan","Thu",1.84062070043777
4,"Jan","Fri",1.95979427003962
4,"Jan","Sat",1.64336981521136
4,"Feb","Sun",1.8541561848389
4,"Feb","Mon",2.22114382335389
4,"Feb","Tue",1.99633364529715
4,"Feb","Wed",2.35249216628368
4,"Feb","Thu",2.38901874521806
4,"Feb","Fri",2.16212031412061
4,"Feb","Sat",1.78722442565292
4,"Mar","Sun",1.93751385589865
4,"Mar","Mon",2.38594827586207
4,"Mar","Tue",2.12702826769751
4,"Mar","Wed",2.22638030270731
4,"Mar","Thu",2.3042865497076
4,"Mar","Fri",2.35385611348795
4,"Mar","Sat",1.96822736941621
4,"Apr","Sun",1.92387971857665
4,"Apr","Mon",2.36614449083318
4,"Apr","Tue",2.37367443623271
4,"Apr","Wed",2.28000677966102
4,"Apr","Thu",2.463827091485
4,"Apr","Fri",2.30520164143201
4,"Apr","Sat",1.91458058771149
4,"May","Sun",1.90961733302159
4,"May","Mon",2.32161394971614
4,"May","Tue",2.33827352085354
4,"May","Wed",2.2926874115983
4,"May","Thu",2.49388758092996
4,"May","Fri",2.50664846188141
4,"May","Sat",1.95761392148928
4,"Jun","Sun",1.94112206126811
4,"Jun","Mon",2.45754815745394
4,"Jun","Tue",2.28639704127893
4,"Jun","Wed",2.38855386678587
4,"Jun","Thu",2.36118819471062
4,"Jun","Fri",2.43733079526227
4,"Jun","Sat",1.94618236661849
4,"Jul","Sun",1.84134346024857
4,"Jul","Mon",2.29162143232359
4,"Jul","Tue",2.18801948051948
4,"Jul","Wed",2.22540446841294
4,"Jul","Thu",2.24310856498873
4,"Jul","Fri",2.22558975240715
4,"Jul","Sat",1.85852290679305
4,"Aug","Sun",1.92034298064274
4,"Aug","Mon",2.47083665338645
4,"Aug","Tue",2.19839261471626
4,"Aug","Wed",2.31170737725142
4,"Aug","Thu",2.35573639367067
4,"Aug","Fri",2.48317598236286
4,"Aug","Sat",1.93873940430827
4,"Sep","Sun",1.92911743397221
4,"Sep","Mon",2.31948282097649
4,"Sep","Tue",2.36588983050847
4,"Sep","Wed",2.30863772111188
4,"Sep","Thu",2.38564442602569
4,"Sep","Fri",2.53873475851148
4,"Sep","Sat",1.97982385289569
4,"Oct","Sun",2.01307808564232
4,"Oct","Mon",2.51719161275931
4,"Oct","Tue",2.36842025862069
4,"Oct","Wed",2.300420541852
4,"Oct","Thu",2.34229269960677
4,"Oct","Fri",2.45325798075454
4,"Oct","Sat",1.94569989929507
4,"Nov","Sun",1.91688758254147
4,"Nov","Mon",2.38974633175827
4,"Nov","Tue",2.2861008280565
4,"Nov","Wed",2.49637546878447
4,"Nov","Thu",2.42683336375251
4,"Nov","Fri",2.28775095441276
4,"Nov","Sat",1.93360535117057
4,"Dec","Sun",2.09015565211752
4,"Dec","Mon",2.51261355174981
4,"Dec","Tue",2.32921485088253
4,"Dec","Wed",2.34494094049476
4,"Dec","Thu",2.51496313963573
4,"Dec","Fri",2.56383848899465
4,"Dec","Sat",2.10897176873816
5,"Jan","Sun",2.00556103772083
5,"Jan","Mon",2.03483946590562
5,"Jan","Tue",1.82338364689892
5,"Jan","Wed",2.04847814396558
5,"Jan","Thu",1.89548933038999
5,"Jan","Fri",2.09012449652142
5,"Jan","Sat",2.10856015779093
5,"Feb","Sun",2.29613042829428
5,"Feb","Mon",2.52158539228435
5,"Feb","Tue",2.24086271720354
5,"Feb","Wed",2.4471800520729
5,"Feb","Thu",2.47268128321944
5,"Feb","Fri",2.39812453462398
5,"Feb","Sat",2.26974362566545
5,"Mar","Sun",2.35143710815047
5,"Mar","Mon",2.44027212319376
5,"Mar","Tue",2.15962789708697
5,"Mar","Wed",2.37206220707286
5,"Mar","Thu",2.41665712533224
5,"Mar","Fri",2.53648487169667
5,"Mar","Sat",2.51851440744478
5,"Apr","Sun",2.42120471409865
5,"Apr","Mon",2.47882165605096
5,"Apr","Tue",2.37495757678602
5,"Apr","Wed",2.46501988279615
5,"Apr","Thu",2.58020520520521
5,"Apr","Fri",2.61639843077218
5,"Apr","Sat",2.40700323724372
5,"May","Sun",2.42355934762911
5,"May","Mon",2.57396966019417
5,"May","Tue",2.42542994139584
5,"May","Wed",2.53728068043742
5,"May","Thu",2.54511518570757
5,"May","Fri",2.69236096215719
5,"May","Sat",2.32945079146593
5,"Jun","Sun",2.34379438202247
5,"Jun","Mon",2.66608123277886
5,"Jun","Tue",2.29727439397026
5,"Jun","Wed",2.53743300723097
5,"Jun","Thu",2.62207914701661
5,"Jun","Fri",2.63099499669593
5,"Jun","Sat",2.32573900424202
5,"Jul","Sun",2.36282807017544
5,"Jul","Mon",2.43810631823877
5,"Jul","Tue",2.16628636840599
5,"Jul","Wed",2.32065573770492
5,"Jul","Thu",2.48996340232206
5,"Jul","Fri",2.4149919624088
5,"Jul","Sat",2.21307389162562
5,"Aug","Sun",2.34039698221663
5,"Aug","Mon",2.4668375532715
5,"Aug","Tue",2.33226222392442
5,"Aug","Wed",2.37582261256804
5,"Aug","Thu",2.44390809112333
5,"Aug","Fri",2.45241047218326
5,"Aug","Sat",2.28320984387404
5,"Sep","Sun",2.39738181348489
5,"Sep","Mon",2.60933367294957
5,"Sep","Tue",2.31423726810824
5,"Sep","Wed",2.41853824362606
5,"Sep","Thu",2.49812367451725
5,"Sep","Fri",2.6875
5,"Sep","Sat",2.3896998298004
5,"Oct","Sun",2.58769364664926
5,"Oct","Mon",2.75536425420293
5,"Oct","Tue",2.35517327650111
5,"Oct","Wed",2.46785466153413
5,"Oct","Thu",2.52134961988554
5,"Oct","Fri",2.74807577054795
5,"Oct","Sat",2.50215784069239
5,"Nov","Sun",2.45790013869626
5,"Nov","Mon",2.69052892189962
5,"Nov","Tue",2.50645193815819
5,"Nov","Wed",2.61229256435753
5,"Nov","Thu",2.74574736125298
5,"Nov","Fri",2.7035587474351
5,"Nov","Sat",2.57854842864503
5,"Dec","Sun",2.76219474497682
5,"Dec","Mon",2.57760943414539
5,"Dec","Tue",2.46025148556876
5,"Dec","Wed",2.52708696767573
5,"Dec","Thu",2.69497031086273
5,"Dec","Fri",2.68083295711061
5,"Dec","Sat",2.62968983247636
6,"Jan","Sun",2.09569271332694
6,"Jan","Mon",1.70152487769956
6,"Jan","Tue",1.59882645558928
6,"Jan","Wed",1.60125763229308
6,"Jan","Thu",1.58622591165135
6,"Jan","Fri",1.66918704178555
6,"Jan","Sat",1.9483204598527
6,"Feb","Sun",2.2318698296837
6,"Feb","Mon",2.01394802450877
6,"Feb","Tue",1.94447981545559
6,"Feb","Wed",2.00013794860595
6,"Feb","Thu",2.0044919727693
6,"Feb","Fri",2.00209259121647
6,"Feb","Sat",2.16705201785552
6,"Mar","Sun",2.70023850931677
6,"Mar","Mon",2.0967372829667
6,"Mar","Tue",1.92831347567929
6,"Mar","Wed",2.01427485652241
6,"Mar","Thu",2.02148699026172
6,"Mar","Fri",2.10733247998095
6,"Mar","Sat",2.32526863468635
6,"Apr","Sun",2.39505996831862
6,"Apr","Mon",2.10668250071731
6,"Apr","Tue",1.97357486384049
6,"Apr","Wed",2.01897679031938
6,"Apr","Thu",2.14454114838064
6,"Apr","Fri",2.19498603411972
6,"Apr","Sat",2.16663078992889
6,"May","Sun",2.45953114459186
6,"May","Mon",2.1615395759888
6,"May","Tue",2.03680389692018
6,"May","Wed",2.06716242048197
6,"May","Thu",2.09060097729575
6,"May","Fri",2.25347673222992
6,"May","Sat",2.42110379515318
6,"Jun","Sun",2.49948593779102
6,"Jun","Mon",2.15073128264655
6,"Jun","Tue",1.9656332111213
6,"Jun","Wed",2.1009338537387
6,"Jun","Thu",2.12261495844875
6,"Jun","Fri",2.27667439996625
6,"Jun","Sat",2.23551776038531
6,"Jul","Sun",2.51211089367254
6,"Jul","Mon",2.14162803411327
6,"Jul","Tue",1.93195632582322
6,"Jul","Wed",2.00830660818293
6,"Jul","Thu",2.14265094003159
6,"Jul","Fri",2.14456672489545
6,"Jul","Sat",2.17586385224274
6,"Aug","Sun",2.37170501551189
6,"Aug","Mon",2.15986367767343
6,"Aug","Tue",1.96795290209107
6,"Aug","Wed",2.00089460253262
6,"Aug","Thu",2.07691252274105
6,"Aug","Fri",2.15842978314461
6,"Aug","Sat",2.20910426460712
6,"Sep","Sun",2.51998371179458
6,"Sep","Mon",2.21320508000167
6,"Sep","Tue",2.0276957124335
6,"Sep","Wed",2.0336885674451
6,"Sep","Thu",2.0825430153322
6,"Sep","Fri",2.17173918925012
6,"Sep","Sat",2.18751415920091
6,"Oct","Sun",2.61195639223162
6,"Oct","Mon",2.27172715153311
6,"Oct","Tue",2.02106158467893
6,"Oct","Wed",2.04592337809653
6,"Oct","Thu",2.11311024669193
6,"Oct","Fri",2.25351375491247
6,"Oct","Sat",2.45185004393244
6,"Nov","Sun",2.54920561797753
6,"Nov","Mon",2.19947606395376
6,"Nov","Tue",2.05622451716738
6,"Nov","Wed",2.05653837656312
6,"Nov","Thu",2.12738622754491
6,"Nov","Fri",2.15221915696377
6,"Nov","Sat",2.3071072319202
6,"Dec","Sun",2.75365294477277
6,"Dec","Mon",2.19258642452869
6,"Dec","Tue",2.07164786324786
6,"Dec","Wed",2.13271478760779
6,"Dec","Thu",2.17241951543312
6,"Dec","Fri",2.28713488418037
6,"Dec","Sat",2.50214422535211
7,"Jan","Sun",1.79200240891298
7,"Jan","Mon",1.76631288504079
7,"Jan","Tue",1.74042576222262
7,"Jan","Wed",1.73253510848766
7,"Jan","Thu",1.73076756558989
7,"Jan","Fri",1.69703947368421
7,"Jan","Sat",1.73600565737521
7,"Feb","Sun",2.08263117283951
7,"Feb","Mon",2.13380355380059
7,"Feb","Tue",2.08121538695058
7,"Feb","Wed",2.08554802918534
7,"Feb","Thu",2.04505461056401
7,"Feb","Fri",1.97829212705777
7,"Feb","Sat",1.92805583847583
7,"Mar","Sun",2.16565970149254
7,"Mar","Mon",2.09235268979387
7,"Mar","Tue",2.0646447816528
7,"Mar","Wed",2.07699836285786
7,"Mar","Thu",2.08296911677655
7,"Mar","Fri",2.06790761514217
7,"Mar","Sat",2.07147696282475
7,"Apr","Sun",2.09978945035461
7,"Apr","Mon",2.12575892857143
7,"Apr","Tue",2.10805788569192
7,"Apr","Wed",2.09781537807083
7,"Apr","Thu",2.08163150131469
7,"Apr","Fri",2.09349771301457
7,"Apr","Sat",1.97396585452605
7,"May","Sun",2.10982934897008
7,"May","Mon",2.21777418635756
7,"May","Tue",2.10597865385032
7,"May","Wed",2.15654492647182
7,"May","Thu",2.13484689042126
7,"May","Fri",2.16718634686347
7,"May","Sat",2.08511035754655
7,"Jun","Sun",2.19682432432432
7,"Jun","Mon",2.16009740837763
7,"Jun","Tue",2.0937833157149
7,"Jun","Wed",2.15110504807124
7,"Jun","Thu",2.1247359743531
7,"Jun","Fri",2.14552132944129
7,"Jun","Sat",2.08480784876765
7,"Jul","Sun",2.22756508140925
7,"Jul","Mon",2.14225712079013
7,"Jul","Tue",2.07131080344489
7,"Jul","Wed",2.07510848601736
7,"Jul","Thu",2.18003190199707
7,"Jul","Fri",2.14806066209153
7,"Jul","Sat",2.03318256992881
7,"Aug","Sun",2.13687702556716
7,"Aug","Mon",2.13048890634204
7,"Aug","Tue",2.07908580352584
7,"Aug","Wed",2.05949912413527
7,"Aug","Thu",2.1202513516077
7,"Aug","Fri",2.10926683387999
7,"Aug","Sat",2.04682537854799
7,"Sep","Sun",2.1365833115696
7,"Sep","Mon",2.20145411465839
7,"Sep","Tue",2.12321887073165
7,"Sep","Wed",2.1211898089172
7,"Sep","Thu",2.15870648092604
7,"Sep","Fri",2.1746565176931
7,"Sep","Sat",2.14558513658444
7,"Oct","Sun",2.2375686183034
7,"Oct","Mon",2.16990049482195
7,"Oct","Tue",2.09715730464755
7,"Oct","Wed",2.11513199037314
7,"Oct","Thu",2.12627869192478
7,"Oct","Fri",2.19946865478718
7,"Oct","Sat",2.13904428769658
7,"Nov","Sun",2.21458007507038
7,"Nov","Mon",2.16002411696729
7,"Nov","Tue",2.12593583863828
7,"Nov","Wed",2.10779638187687
7,"Nov","Thu",2.15140868567854
7,"Nov","Fri",2.12628373349212
7,"Nov","Sat",2.08861493758071
7,"Dec","Sun",2.35536177216926
7,"Dec","Mon",2.15286716922277
7,"Dec","Tue",2.04590859630033
7,"Dec","Wed",2.13525721889554
7,"Dec","Thu",2.15699739031956
7,"Dec","Fri",2.16983177323665
7,"Dec","Sat",2.14301095690285
8,"Jan","Sun",1.5673991586241
8,"Jan","Mon",1.82574981697684
8,"Jan","Tue",1.83177028339098
8,"Jan","Wed",1.81639690764043
8,"Jan","Thu",1.84288275162285
8,"Jan","Fri",1.77625508748739
8,"Jan","Sat",1.53319664069002
8,"Feb","Sun",1.86457237765509
8,"Feb","Mon",2.18519613577234
8,"Feb","Tue",2.19200063311174
8,"Feb","Wed",2.1910564604608
8,"Feb","Thu",2.21129523873889
8,"Feb","Fri",2.06127296143157
8,"Feb","Sat",1.74280785268829
8,"Mar","Sun",1.9412114316569
8,"Mar","Mon",2.2091120933738
8,"Mar","Tue",2.16722675884936
8,"Mar","Wed",2.19091420314078
8,"Mar","Thu",2.20683186527623
8,"Mar","Fri",2.15593823500758
8,"Mar","Sat",1.92239936569895
8,"Apr","Sun",1.87676710880431
8,"Apr","Mon",2.19194994040524
8,"Apr","Tue",2.21845423017515
8,"Apr","Wed",2.20210723639364
8,"Apr","Thu",2.22441262575185
8,"Apr","Fri",2.20855580792346
8,"Apr","Sat",1.82465326143938
8,"May","Sun",1.93858158429248
8,"May","Mon",2.28287458745875
8,"May","Tue",2.20897356057117
8,"May","Wed",2.25586973551153
8,"May","Thu",2.26250741504477
8,"May","Fri",2.23007337605992
8,"May","Sat",1.90382466998316
8,"Jun","Sun",2.02708696409899
8,"Jun","Mon",2.27122831031845
8,"Jun","Tue",2.19088888888889
8,"Jun","Wed",2.24194629746953
8,"Jun","Thu",2.25600696688932
8,"Jun","Fri",2.2437709664344
8,"Jun","Sat",1.92020264346888
8,"Jul","Sun",2.04923214399694
8,"Jul","Mon",2.23685667079719
8,"Jul","Tue",2.19257482546485
8,"Jul","Wed",2.16880082260131
8,"Jul","Thu",2.26862731888068
8,"Jul","Fri",2.15538364408146
8,"Jul","Sat",1.90441339612768
8,"Aug","Sun",1.98282388472913
8,"Aug","Mon",2.24894223518174
8,"Aug","Tue",2.16889917647606
8,"Aug","Wed",2.16538372907394
8,"Aug","Thu",2.28471688121976
8,"Aug","Fri",2.17923810109458
8,"Aug","Sat",1.97776036120458
8,"Sep","Sun",1.98448699360341
8,"Sep","Mon",2.29965973933001
8,"Sep","Tue",2.26585547981122
8,"Sep","Wed",2.25873575505759
8,"Sep","Thu",2.27492429859133
8,"Sep","Fri",2.26783496664745
8,"Sep","Sat",1.91304650584432
8,"Oct","Sun",1.98149231457991
8,"Oct","Mon",2.21232783705141
8,"Oct","Tue",2.18197507267792
8,"Oct","Wed",2.2126206440646
8,"Oct","Thu",2.23723999769399
8,"Oct","Fri",2.24031325016725
8,"Oct","Sat",1.97549123738715
8,"Nov","Sun",2.05254759294329
8,"Nov","Mon",2.2643269251377
8,"Nov","Tue",2.25864210751767
8,"Nov","Wed",2.23255696697284
8,"Nov","Thu",2.23771282142302
8,"Nov","Fri",2.19294370411607
8,"Nov","Sat",1.88688391108668
8,"Dec","Sun",2.06781681851868
8,"Dec","Mon",2.17428337782457
8,"Dec","Tue",2.14435065542196
8,"Dec","Wed",2.26206169710362
8,"Dec","Thu",2.26477470609477
8,"Dec","Fri",2.19416399158145
8,"Dec","Sat",1.92171255356003
9,"Jan","Sun",1.48178978354978
9,"Jan","Mon",1.81650757575758
9,"Jan","Tue",1.86825073515974
9,"Jan","Wed",1.84851568512064
9,"Jan","Thu",1.84583274711076
9,"Jan","Fri",1.78126732371276
9,"Jan","Sat",1.45028713287448
9,"Feb","Sun",1.7539370105094
9,"Feb","Mon",2.18467515514659
9,"Feb","Tue",2.21345642018277
9,"Feb","Wed",2.22699934543074
9,"Feb","Thu",2.23364508393285
9,"Feb","Fri",2.08708626681312
9,"Feb","Sat",1.66940251163516
9,"Mar","Sun",1.83269199178645
9,"Mar","Mon",2.2004614342562
9,"Mar","Tue",2.21483279579019
9,"Mar","Wed",2.25928008495892
9,"Mar","Thu",2.24446724229204
9,"Mar","Fri",2.1878397605583
9,"Mar","Sat",1.76036709498063
9,"Apr","Sun",1.77615188343517
9,"Apr","Mon",2.23130518463006
9,"Apr","Tue",2.232426245315
9,"Apr","Wed",2.2363562894609
9,"Apr","Thu",2.25469825314359
9,"Apr","Fri",2.17772018076601
9,"Apr","Sat",1.72715012183494
9,"May","Sun",1.84587267131055
9,"May","Mon",2.23748343730354
9,"May","Tue",2.24344366183366
9,"May","Wed",2.2869684985054
9,"May","Thu",2.29217484465395
9,"May","Fri",2.25030596930624
9,"May","Sat",1.82036563224491
9,"Jun","Sun",1.87225475974615
9,"Jun","Mon",2.27978837008214
9,"Jun","Tue",2.24826620108863
9,"Jun","Wed",2.28723521107695
9,"Jun","Thu",2.2818513667426
9,"Jun","Fri",2.21934264377031
9,"Jun","Sat",1.84217086700779
9,"Jul","Sun",1.82810256410256
9,"Jul","Mon",2.19503729385307
9,"Jul","Tue",2.20599147009267
9,"Jul","Wed",2.17497349883737
9,"Jul","Thu",2.23639800389484
9,"Jul","Fri",2.11102292539488
9,"Jul","Sat",1.80232634190347
9,"Aug","Sun",1.80333303318176
9,"Aug","Mon",2.17781923439851
9,"Aug","Tue",2.15138703929476
9,"Aug","Wed",2.14655594524267
9,"Aug","Thu",2.2062858444161
9,"Aug","Fri",2.13031771674744
9,"Aug","Sat",1.85962319110037
9,"Sep","Sun",1.86366999168745
9,"Sep","Mon",2.26430105227137
9,"Sep","Tue",2.33288664830772
9,"Sep","Wed",2.31318986349683
9,"Sep","Thu",2.30343510483309
9,"Sep","Fri",2.3425765386167
9,"Sep","Sat",1.85529661898956
9,"Oct","Sun",1.86020788770053
9,"Oct","Mon",2.19971237091273
9,"Oct","Tue",2.22362251038224
9,"Oct","Wed",2.22106882538863
9,"Oct","Thu",2.28724046875
9,"Oct","Fri",2.26368356098479
9,"Oct","Sat",1.85823879704155
9,"Nov","Sun",1.84694446278809
9,"Nov","Mon",2.2811233023505
9,"Nov","Tue",2.27540082696933
9,"Nov","Wed",2.2226544409527
9,"Nov","Thu",2.27490490953681
9,"Nov","Fri",2.20570454505308
9,"Nov","Sat",1.83434490167686
9,"Dec","Sun",1.84224005042835
9,"Dec","Mon",2.12326752240066
9,"Dec","Tue",2.13818768694862
9,"Dec","Wed",2.23336484155304
9,"Dec","Thu",2.2710606746195
9,"Dec","Fri",2.16227027489937
9,"Dec","Sat",1.8190449995491
10,"Jan","Sun",1.48964424596703
10,"Jan","Mon",1.77531776542695
10,"Jan","Tue",1.84184077620694
10,"Jan","Wed",1.80404778905069
10,"Jan","Thu",1.776071725132
10,"Jan","Fri",1.74558755996556
10,"Jan","Sat",1.47272425392444
10,"Feb","Sun",1.80278323575969
10,"Feb","Mon",2.12951651949369
10,"Feb","Tue",2.1475389997942
10,"Feb","Wed",2.19918684184134
10,"Feb","Thu",2.20298519753359
10,"Feb","Fri",2.01391907925961
10,"Feb","Sat",1.71901165299957
10,"Mar","Sun",1.8566259154823
10,"Mar","Mon",2.12921262240547
10,"Mar","Tue",2.18512094961795
10,"Mar","Wed",2.24653944887891
10,"Mar","Thu",2.23950872031126
10,"Mar","Fri",2.15098029224675
10,"Mar","Sat",1.80266426202171
10,"Apr","Sun",1.80864600009703
10,"Apr","Mon",2.15185416368579
10,"Apr","Tue",2.19274720866484
10,"Apr","Wed",2.20574954522904
10,"Apr","Thu",2.18869549692521
10,"Apr","Fri",2.15363061300928
10,"Apr","Sat",1.75373062188168
10,"May","Sun",1.86566069442728
10,"May","Mon",2.25176000595519
10,"May","Tue",2.22004349717268
10,"May","Wed",2.27466858410716
10,"May","Thu",2.27369541361392
10,"May","Fri",2.20304777091674
10,"May","Sat",1.80822199769731
10,"Jun","Sun",1.91430243086996
10,"Jun","Mon",2.19959357519207
10,"Jun","Tue",2.21403411061026
10,"Jun","Wed",2.26217651166612
10,"Jun","Thu",2.22579869568634
10,"Jun","Fri",2.16865632458234
10,"Jun","Sat",1.8320097020097
10,"Jul","Sun",1.8670125405193
10,"Jul","Mon",2.11290642013354
10,"Jul","Tue",2.1176993813431
10,"Jul","Wed",2.08909740177554
10,"Jul","Thu",2.11381341772152
10,"Jul","Fri",2.04689166331051
10,"Jul","Sat",1.78050431758215
10,"Aug","Sun",1.79185844985327
10,"Aug","Mon",2.10804264147853
10,"Aug","Tue",2.10276899201892
10,"Aug","Wed",2.08049972503168
10,"Aug","Thu",2.15137017702695
10,"Aug","Fri",2.06171584538212
10,"Aug","Sat",1.82011664899258
10,"Sep","Sun",1.86648549478271
10,"Sep","Mon",2.20179214701273
10,"Sep","Tue",2.25507747824241
10,"Sep","Wed",2.24736191037201
10,"Sep","Thu",2.30711507582516
10,"Sep","Fri",2.28581493626455
10,"Sep","Sat",1.86984446082293
10,"Oct","Sun",1.86772270629181
10,"Oct","Mon",2.16279987967211
10,"Oct","Tue",2.16399274553571
10,"Oct","Wed",2.1789722067997
10,"Oct","Thu",2.26287731430226
10,"Oct","Fri",2.23514636283961
10,"Oct","Sat",1.84207735715965
10,"Nov","Sun",1.85696779125974
10,"Nov","Mon",2.24437445967642
10,"Nov","Tue",2.28906582961227
10,"Nov","Wed",2.21596634140051
10,"Nov","Thu",2.27632519542995
10,"Nov","Fri",2.16083388425322
10,"Nov","Sat",1.82964906961761
10,"Dec","Sun",1.88081618094459
10,"Dec","Mon",2.09763938222423
10,"Dec","Tue",2.0801864810611
10,"Dec","Wed",2.19290342091257
10,"Dec","Thu",2.23651743618061
10,"Dec","Fri",2.1405566613443
10,"Dec","Sat",1.79214686969617
11,"Jan","Sun",1.47325053430453
11,"Jan","Mon",1.69660364191473
11,"Jan","Tue",1.75097481880527
11,"Jan","Wed",1.73559069222126
11,"Jan","Thu",1.7559759642433
11,"Jan","Fri",1.7231103774354
11,"Jan","Sat",1.45672029293185
11,"Feb","Sun",1.80990436165379
11,"Feb","Mon",2.09690061190432
11,"Feb","Tue",2.08527034729856
11,"Feb","Wed",2.13133766463187
11,"Feb","Thu",2.18963200259524
11,"Feb","Fri",2.01776742437731
11,"Feb","Sat",1.72575903990025
11,"Mar","Sun",1.87849074928374
11,"Mar","Mon",2.06811911482175
11,"Mar","Tue",2.17648054145516
11,"Mar","Wed",2.18322833707374
11,"Mar","Thu",2.23197365131263
11,"Mar","Fri",2.14654011983641
11,"Mar","Sat",1.84049973541474
11,"Apr","Sun",1.86234517420564
11,"Apr","Mon",2.10183883478411
11,"Apr","Tue",2.1745564894187
11,"Apr","Wed",2.18642821239721
11,"Apr","Thu",2.23034273251285
11,"Apr","Fri",2.14931399550737
11,"Apr","Sat",1.84229397921569
11,"May","Sun",1.90324076427724
11,"May","Mon",2.18928687000411
11,"May","Tue",2.20933846987299
11,"May","Wed",2.30662680570171
11,"May","Thu",2.3060427380458
11,"May","Fri",2.1995329760115
11,"May","Sat",1.86973557941965
11,"Jun","Sun",2.01760371826065
11,"Jun","Mon",2.19027609516285
11,"Jun","Tue",2.23414810368115
11,"Jun","Wed",2.26087131393983
11,"Jun","Thu",2.27876812874105
11,"Jun","Fri",2.21448823420799
11,"Jun","Sat",1.87579981651376
11,"Jul","Sun",1.92054167626065
11,"Jul","Mon",2.13530731063183
11,"Jul","Tue",2.11840433517017
11,"Jul","Wed",2.09174125191691
11,"Jul","Thu",2.1391990754698
11,"Jul","Fri",2.05075565575682
11,"Jul","Sat",1.79267812818436
11,"Aug","Sun",1.87836500735655
11,"Aug","Mon",2.08260633996442
11,"Aug","Tue",2.04945967034039
11,"Aug","Wed",2.07431060343833
11,"Aug","Thu",2.17619972077579
11,"Aug","Fri",2.06206458290209
11,"Aug","Sat",1.91646665732044
11,"Sep","Sun",1.95069176156476
11,"Sep","Mon",2.17645045986622
11,"Sep","Tue",2.26620556216052
11,"Sep","Wed",2.29940026969074
11,"Sep","Thu",2.34467803361933
11,"Sep","Fri",2.27318388373976
11,"Sep","Sat",1.94291469140044
11,"Oct","Sun",1.98523580470953
11,"Oct","Mon",2.1947188057925
11,"Oct","Tue",2.18374674945603
11,"Oct","Wed",2.19708216917471
11,"Oct","Thu",2.29927706185567
11,"Oct","Fri",2.26483540784735
11,"Oct","Sat",1.91772354804646
11,"Nov","Sun",1.88725608433474
11,"Nov","Mon",2.18589658130131
11,"Nov","Tue",2.25005715036458
11,"Nov","Wed",2.2098822083376
11,"Nov","Thu",2.24474072732213
11,"Nov","Fri",2.13300170852554
11,"Nov","Sat",1.83075894126106
11,"Dec","Sun",1.89576545006919
11,"Dec","Mon",2.09774445211743
11,"Dec","Tue",2.06750382765639
11,"Dec","Wed",2.19554500298947
11,"Dec","Thu",2.1767638221768
11,"Dec","Fri",2.15009089782258
11,"Dec","Sat",1.81158795106405
12,"Jan","Sun",1.5893487403215
12,"Jan","Mon",1.68756232516044
12,"Jan","Tue",1.73592260226255
12,"Jan","Wed",1.7404347826087
12,"Jan","Thu",1.74042083986968
12,"Jan","Fri",1.69942094220866
12,"Jan","Sat",1.52879746496474
12,"Feb","Sun",1.92232681411077
12,"Feb","Mon",2.05774090632867
12,"Feb","Tue",2.06945805315402
12,"Feb","Wed",2.12664560747664
12,"Feb","Thu",2.2005390114301
12,"Feb","Fri",2.01741971186313
12,"Feb","Sat",1.79481681498493
12,"Mar","Sun",1.96559483994267
12,"Mar","Mon",2.08745529790153
12,"Mar","Tue",2.13451172962227
12,"Mar","Wed",2.21755180658874
12,"Mar","Thu",2.24729255694697
12,"Mar","Fri",2.13151754721309
12,"Mar","Sat",1.88913232007152
12,"Apr","Sun",1.96482623386026
12,"Apr","Mon",2.13067848868605
12,"Apr","Tue",2.17585989180957
12,"Apr","Wed",2.20344080247032
12,"Apr","Thu",2.23437152370854
12,"Apr","Fri",2.13355872688011
12,"Apr","Sat",1.87297409657819
12,"May","Sun",1.97698219162275
12,"May","Mon",2.20217597613883
12,"May","Tue",2.25909105566528
12,"May","Wed",2.31413477855407
12,"May","Thu",2.34717526371228
12,"May","Fri",2.22598323790812
12,"May","Sat",1.89903440172586
12,"Jun","Sun",2.08741795534303
12,"Jun","Mon",2.23329519935596
12,"Jun","Tue",2.20694288279847
12,"Jun","Wed",2.27392889873224
12,"Jun","Thu",2.28683305455844
12,"Jun","Fri",2.22443869442973
12,"Jun","Sat",1.88348037980002
12,"Jul","Sun",1.95911333246787
12,"Jul","Mon",2.04648911612645
12,"Jul","Tue",2.09110869790051
12,"Jul","Wed",2.11158473978579
12,"Jul","Thu",2.11905802509445
12,"Jul","Fri",2.02023638575484
12,"Jul","Sat",1.82074626865672
12,"Aug","Sun",1.97357192572176
12,"Aug","Mon",2.03813758516755
12,"Aug","Tue",2.02676466274124
12,"Aug","Wed",2.0767756311839
12,"Aug","Thu",2.15712526066518
12,"Aug","Fri",2.07932562357392
12,"Aug","Sat",1.90189422639794
12,"Sep","Sun",2.05738422914109
12,"Sep","Mon",2.239073906545
12,"Sep","Tue",2.24090119143599
12,"Sep","Wed",2.2691993822136
12,"Sep","Thu",2.32811980374849
12,"Sep","Fri",2.27222698941257
12,"Sep","Sat",1.97683193777362
12,"Oct","Sun",2.06875348764098
12,"Oct","Mon",2.17978483294702
12,"Oct","Tue",2.18188277629725
12,"Oct","Wed",2.21031404984868
12,"Oct","Thu",2.29719564142244
12,"Oct","Fri",2.24824973167818
12,"Oct","Sat",1.96792775665399
12,"Nov","Sun",1.98727630927631
12,"Nov","Mon",2.22624299065421
12,"Nov","Tue",2.26019324476282
12,"Nov","Wed",2.2520445391624
12,"Nov","Thu",2.28450892375424
12,"Nov","Fri",2.1554729859335
12,"Nov","Sat",1.88398364806736
12,"Dec","Sun",1.98265512289332
12,"Dec","Mon",2.08132106061398
12,"Dec","Tue",2.08802044702816
12,"Dec","Wed",2.19540453214789
12,"Dec","Thu",2.21600256994334
12,"Dec","Fri",2.16410235098551
12,"Dec","Sat",1.88214021583277
13,"Jan","Sun",1.66583330091422
13,"Jan","Mon",1.73958621816474
13,"Jan","Tue",1.77639500563773
13,"Jan","Wed",1.78300627046395
13,"Jan","Thu",1.79122286616707
13,"Jan","Fri",1.75583592223979
13,"Jan","Sat",1.56452163846839
13,"Feb","Sun",2.0328977239195
13,"Feb","Mon",2.0805961150621
13,"Feb","Tue",2.11075909235923
13,"Feb","Wed",2.14299361722397
13,"Feb","Thu",2.26434664591322
13,"Feb","Fri",2.06475660821774
13,"Feb","Sat",1.81817826330925
13,"Mar","Sun",2.06417593864642
13,"Mar","Mon",2.07619452481638
13,"Mar","Tue",2.1243831336809
13,"Mar","Wed",2.24378713103526
13,"Mar","Thu",2.27244601528183
13,"Mar","Fri",2.15852415338268
13,"Mar","Sat",1.93363926693134
13,"Apr","Sun",2.04869974053337
13,"Apr","Mon",2.11444175809517
13,"Apr","Tue",2.19245197883732
13,"Apr","Wed",2.2646208434319
13,"Apr","Thu",2.29120837495053
13,"Apr","Fri",2.19010051019433
13,"Apr","Sat",1.90848818523794
13,"May","Sun",2.03166747636309
13,"May","Mon",2.21762046870886
13,"May","Tue",2.2695811048136
13,"May","Wed",2.36934872230137
13,"May","Thu",2.38441551874722
13,"May","Fri",2.29219089293448
13,"May","Sat",1.94313763233879
13,"Jun","Sun",2.17458019571465
13,"Jun","Mon",2.2244004838676
13,"Jun","Tue",2.24712627560957
13,"Jun","Wed",2.3229135811894
13,"Jun","Thu",2.39944702309323
13,"Jun","Fri",2.26859073791349
13,"Jun","Sat",1.92424637450199
13,"Jul","Sun",1.99611619657166
13,"Jul","Mon",2.07034401861792
13,"Jul","Tue",2.13039129255391
13,"Jul","Wed",2.1434243462169
13,"Jul","Thu",2.17352481554466
13,"Jul","Fri",2.0925778843667
13,"Jul","Sat",1.85102937709247
13,"Aug","Sun",2.05541278223851
13,"Aug","Mon",2.08627974937467
13,"Aug","Tue",2.08006596217271
13,"Aug","Wed",2.07308082918878
13,"Aug","Thu",2.21335288792953
13,"Aug","Fri",2.11458508719182
13,"Aug","Sat",1.87004862001903
13,"Sep","Sun",2.13687148388982
13,"Sep","Mon",2.24142806034226
13,"Sep","Tue",2.28048625745415
13,"Sep","Wed",2.32842263721919
13,"Sep","Thu",2.3831461125736
13,"Sep","Fri",2.29289683881329
13,"Sep","Sat",2.0261572260565
13,"Oct","Sun",2.19631577879249
13,"Oct","Mon",2.23279442930669
13,"Oct","Tue",2.17381962148199
13,"Oct","Wed",2.29178562993056
13,"Oct","Thu",2.36119396002388
13,"Oct","Fri",2.32455279591546
13,"Oct","Sat",1.98832104208417
13,"Nov","Sun",2.11427742678905
13,"Nov","Mon",2.25355362503411
13,"Nov","Tue",2.3277726456766
13,"Nov","Wed",2.31523095813518
13,"Nov","Thu",2.32521727155236
13,"Nov","Fri",2.16237169857039
13,"Nov","Sat",1.94276106221184
13,"Dec","Sun",2.06679191867199
13,"Dec","Mon",2.13189404337085
13,"Dec","Tue",2.12529684570051
13,"Dec","Wed",2.29930641217079
13,"Dec","Thu",2.30615796727294
13,"Dec","Fri",2.19821429269723
13,"Dec","Sat",1.94239898575311
14,"Jan","Sun",1.75962563715311
14,"Jan","Mon",1.7504680287552
14,"Jan","Tue",1.77643199638118
14,"Jan","Wed",1.79045593613479
14,"Jan","Thu",1.80949428686651
14,"Jan","Fri",1.79140767610578
14,"Jan","Sat",1.60548668343092
14,"Feb","Sun",2.09217540876648
14,"Feb","Mon",2.13878464281561
14,"Feb","Tue",2.09240102218436
14,"Feb","Wed",2.19315807105704
14,"Feb","Thu",2.30156562939308
14,"Feb","Fri",2.09087170362413
14,"Feb","Sat",1.93412332313486
14,"Mar","Sun",2.16744250779679
14,"Mar","Mon",2.14232963485155
14,"Mar","Tue",2.2015825646261
14,"Mar","Wed",2.30388318038479
14,"Mar","Thu",2.314610515815
14,"Mar","Fri",2.19999891135727
14,"Mar","Sat",2.01070667666917
14,"Apr","Sun",2.12861339118199
14,"Apr","Mon",2.12734103608583
14,"Apr","Tue",2.21331607960112
14,"Apr","Wed",2.29938824383164
14,"Apr","Thu",2.3123826393524
14,"Apr","Fri",2.21259744426028
14,"Apr","Sat",1.9694829656311
14,"May","Sun",2.15844737932854
14,"May","Mon",2.26876694514502
14,"May","Tue",2.27817580170744
14,"May","Wed",2.40211327388098
14,"May","Thu",2.45373340250417
14,"May","Fri",2.32252170853564
14,"May","Sat",2.01589864034566
14,"Jun","Sun",2.27582165350031
14,"Jun","Mon",2.29042497947651
14,"Jun","Tue",2.31049128456685
14,"Jun","Wed",2.36472857693225
14,"Jun","Thu",2.47172256400079
14,"Jun","Fri",2.36131658710313
14,"Jun","Sat",1.98812852551489
14,"Jul","Sun",2.11799472541835
14,"Jul","Mon",2.14778559588051
14,"Jul","Tue",2.13765760377602
14,"Jul","Wed",2.18456936093721
14,"Jul","Thu",2.23953665965936
14,"Jul","Fri",2.17700880736375
14,"Jul","Sat",1.87514442950346
14,"Aug","Sun",2.16716459056565
14,"Aug","Mon",2.13475761415364
14,"Aug","Tue",2.11083480146361
14,"Aug","Wed",2.15310045207582
14,"Aug","Thu",2.2609848700635
14,"Aug","Fri",2.16824830240749
14,"Aug","Sat",1.94274316506193
14,"Sep","Sun",2.25638128877255
14,"Sep","Mon",2.25995367318212
14,"Sep","Tue",2.30244082840237
14,"Sep","Wed",2.33878353646665
14,"Sep","Thu",2.43533273465417
14,"Sep","Fri",2.33485442719424
14,"Sep","Sat",2.08468379118599
14,"Oct","Sun",2.35795821442263
14,"Oct","Mon",2.2458206818134
14,"Oct","Tue",2.23124038103512
14,"Oct","Wed",2.38659593571364
14,"Oct","Thu",2.39386907395935
14,"Oct","Fri",2.36570993341239
14,"Oct","Sat",2.07742966329271
14,"Nov","Sun",2.23676180218991
14,"Nov","Mon",2.31491233066189
14,"Nov","Tue",2.35468391556137
14,"Nov","Wed",2.40752809400051
14,"Nov","Thu",2.38757366573311
14,"Nov","Fri",2.28561732474678
14,"Nov","Sat",2.03218084219146
14,"Dec","Sun",2.19353645858324
14,"Dec","Mon",2.18146110267122
14,"Dec","Tue",2.19954463358108
14,"Dec","Wed",2.37023471637603
14,"Dec","Thu",2.37930953078106
14,"Dec","Fri",2.31290456957601
14,"Dec","Sat",2.00374371243948
15,"Jan","Sun",1.81708352759077
15,"Jan","Mon",1.75328100937981
15,"Jan","Tue",1.75100017231971
15,"Jan","Wed",1.78826532978651
15,"Jan","Thu",1.79121101012859
15,"Jan","Fri",1.76473902414853
15,"Jan","Sat",1.62315776150133
15,"Feb","Sun",2.18910188557745
15,"Feb","Mon",2.12074456239329
15,"Feb","Tue",2.11463336875664
15,"Feb","Wed",2.19223926433291
15,"Feb","Thu",2.25840918679019
15,"Feb","Fri",2.08441048179783
15,"Feb","Sat",1.91468448546056
15,"Mar","Sun",2.25135593738535
15,"Mar","Mon",2.17947827827828
15,"Mar","Tue",2.19926264157674
15,"Mar","Wed",2.31666654929577
15,"Mar","Thu",2.32873691734314
15,"Mar","Fri",2.20371060813838
15,"Mar","Sat",2.02179646069556
15,"Apr","Sun",2.26164988665836
15,"Apr","Mon",2.16846686790283
15,"Apr","Tue",2.18930558284447
15,"Apr","Wed",2.29583941735186
15,"Apr","Thu",2.33485112112268
15,"Apr","Fri",2.1856520501139
15,"Apr","Sat",1.99925905783512
15,"May","Sun",2.20410788295756
15,"May","Mon",2.28071315186078
15,"May","Tue",2.28432128209298
15,"May","Wed",2.35111115902655
15,"May","Thu",2.42613720703814
15,"May","Fri",2.27744724370886
15,"May","Sat",2.0201531236051
15,"Jun","Sun",2.35360393006575
15,"Jun","Mon",2.21906042770257
15,"Jun","Tue",2.23112941898605
15,"Jun","Wed",2.38442510794998
15,"Jun","Thu",2.39506485998193
15,"Jun","Fri",2.33321926189067
15,"Jun","Sat",2.00630208419009
15,"Jul","Sun",2.23892500608717
15,"Jul","Mon",2.11622069132221
15,"Jul","Tue",2.11854275600013
15,"Jul","Wed",2.19049083420819
15,"Jul","Thu",2.19849472470206
15,"Jul","Fri",2.20405602053342
15,"Jul","Sat",1.90730023465481
15,"Aug","Sun",2.2269253871667
15,"Aug","Mon",2.16636808500722
15,"Aug","Tue",2.15228593855124
15,"Aug","Wed",2.13377196679169
15,"Aug","Thu",2.26367538748099
15,"Aug","Fri",2.1754864271564
15,"Aug","Sat",1.93626278440861
15,"Sep","Sun",2.36539857845817
15,"Sep","Mon",2.25202503839697
15,"Sep","Tue",2.33352729723658
15,"Sep","Wed",2.35079410965814
15,"Sep","Thu",2.42748080220681
15,"Sep","Fri",2.36741253699628
15,"Sep","Sat",2.0811522975133
15,"Oct","Sun",2.46873936310203
15,"Oct","Mon",2.26320412178746
15,"Oct","Tue",2.25436649503494
15,"Oct","Wed",2.38759101082538
15,"Oct","Thu",2.41504670541486
15,"Oct","Fri",2.41886195898083
15,"Oct","Sat",2.05945793214799
15,"Nov","Sun",2.35198625541346
15,"Nov","Mon",2.26605735183143
15,"Nov","Tue",2.32139933024796
15,"Nov","Wed",2.35799191027762
15,"Nov","Thu",2.40497902319322
15,"Nov","Fri",2.26222005946725
15,"Nov","Sat",2.02977640113694
15,"Dec","Sun",2.21407671118127
15,"Dec","Mon",2.15599975014055
15,"Dec","Tue",2.16247797339532
15,"Dec","Wed",2.36247981429148
15,"Dec","Thu",2.37126109674736
15,"Dec","Fri",2.3031498736139
15,"Dec","Sat",2.00199225285517
16,"Jan","Sun",1.84478687653079
16,"Jan","Mon",1.93563116389549
16,"Jan","Tue",1.96006008125873
16,"Jan","Wed",1.92634083689258
16,"Jan","Thu",1.97424672036165
16,"Jan","Fri",1.94968988827506
16,"Jan","Sat",1.62976002796469
16,"Feb","Sun",2.21552759187272
16,"Feb","Mon",2.32003212260774
16,"Feb","Tue",2.29843013125799
16,"Feb","Wed",2.3056881686537
16,"Feb","Thu",2.44680108165391
16,"Feb","Fri",2.27329319428019
16,"Feb","Sat",1.94702894363608
16,"Mar","Sun",2.27590302156469
16,"Mar","Mon",2.32762221079692
16,"Mar","Tue",2.36345999573701
16,"Mar","Wed",2.45597291188023
16,"Mar","Thu",2.50617150242091
16,"Mar","Fri",2.40278762620333
16,"Mar","Sat",2.04404740443013
16,"Apr","Sun",2.25905449111602
16,"Apr","Mon",2.33213873189413
16,"Apr","Tue",2.39578256906779
16,"Apr","Wed",2.44250264499375
16,"Apr","Thu",2.50130780688052
16,"Apr","Fri",2.31119926552159
16,"Apr","Sat",1.98710934938179
16,"May","Sun",2.20363909901892
16,"May","Mon",2.41007381109975
16,"May","Tue",2.42426018402013
16,"May","Wed",2.57539087142062
16,"May","Thu",2.59455782312925
16,"May","Fri",2.46494321082185
16,"May","Sat",1.98349852437261
16,"Jun","Sun",2.35869139218436
16,"Jun","Mon",2.49769736564805
16,"Jun","Tue",2.46514647696755
16,"Jun","Wed",2.55308121908409
16,"Jun","Thu",2.65801151389397
16,"Jun","Fri",2.53386961003264
16,"Jun","Sat",1.98352803815707
16,"Jul","Sun",2.19547894250693
16,"Jul","Mon",2.28754615594082
16,"Jul","Tue",2.33320229805014
16,"Jul","Wed",2.38524725800003
16,"Jul","Thu",2.38341030239013
16,"Jul","Fri",2.35622295615547
16,"Jul","Sat",1.91403872028704
16,"Aug","Sun",2.2270756769509
16,"Aug","Mon",2.28925885781728
16,"Aug","Tue",2.26499697477427
16,"Aug","Wed",2.28967298858416
16,"Aug","Thu",2.43012238013207
16,"Aug","Fri",2.33296219145759
16,"Aug","Sat",1.90629481424306
16,"Sep","Sun",2.31356723649328
16,"Sep","Mon",2.4385412849131
16,"Sep","Tue",2.49703091983268
16,"Sep","Wed",2.52798316313613
16,"Sep","Thu",2.58139684596231
16,"Sep","Fri",2.56774982573981
16,"Sep","Sat",2.00643896281274
16,"Oct","Sun",2.46008868176368
16,"Oct","Mon",2.34778439950126
16,"Oct","Tue",2.40495697212437
16,"Oct","Wed",2.53332197926359
16,"Oct","Thu",2.56039627039627
16,"Oct","Fri",2.55392562744176
16,"Oct","Sat",2.03744377411147
16,"Nov","Sun",2.41877444481273
16,"Nov","Mon",2.41139014953467
16,"Nov","Tue",2.46872203811102
16,"Nov","Wed",2.51741588427288
16,"Nov","Thu",2.48644175684278
16,"Nov","Fri",2.41788176600147
16,"Nov","Sat",2.0421423398715
16,"Dec","Sun",2.2792851610777
16,"Dec","Mon",2.40762429001002
16,"Dec","Tue",2.31523616179267
16,"Dec","Wed",2.54866908760781
16,"Dec","Thu",2.58784075684812
16,"Dec","Fri",2.51796934312593
16,"Dec","Sat",2.06786290796536
17,"Jan","Sun",1.84116523669752
17,"Jan","Mon",1.84391888248576
17,"Jan","Tue",1.85784635351945
17,"Jan","Wed",1.87527200557286
17,"Jan","Thu",1.93540353367267
17,"Jan","Fri",1.90176873143697
17,"Jan","Sat",1.6538162828525
17,"Feb","Sun",2.2029749076792
17,"Feb","Mon",2.23973502461707
17,"Feb","Tue",2.2339575883159
17,"Feb","Wed",2.26457279365942
17,"Feb","Thu",2.35567863549108
17,"Feb","Fri",2.19050283055448
17,"Feb","Sat",1.94982906840609
17,"Mar","Sun",2.21528813402586
17,"Mar","Mon",2.26331001658614
17,"Mar","Tue",2.31163171120272
17,"Mar","Wed",2.36434267241379
17,"Mar","Thu",2.36806368780368
17,"Mar","Fri",2.27914707925482
17,"Mar","Sat",2.02336376347845
17,"Apr","Sun",2.23063198833252
17,"Apr","Mon",2.28142412993661
17,"Apr","Tue",2.32229749518304
17,"Apr","Wed",2.36073715992147
17,"Apr","Thu",2.41451800763865
17,"Apr","Fri",2.23916752737038
17,"Apr","Sat",1.98469211178174
17,"May","Sun",2.13298098844623
17,"May","Mon",2.37821342567366
17,"May","Tue",2.36983286720356
17,"May","Wed",2.46402702417953
17,"May","Thu",2.46424300337723
17,"May","Fri",2.35684681606996
17,"May","Sat",1.98740677751443
17,"Jun","Sun",2.36497719049866
17,"Jun","Mon",2.4159715595991
17,"Jun","Tue",2.37661272468505
17,"Jun","Wed",2.53852221845621
17,"Jun","Thu",2.52651359419409
17,"Jun","Fri",2.39295297828638
17,"Jun","Sat",2.00055490145109
17,"Jul","Sun",2.21526639044602
17,"Jul","Mon",2.29051020890071
17,"Jul","Tue",2.27104225999081
17,"Jul","Wed",2.39270330680701
17,"Jul","Thu",2.3786201976088
17,"Jul","Fri",2.31973062817681
17,"Jul","Sat",1.93226102855
17,"Aug","Sun",2.19944226311557
17,"Aug","Mon",2.26469519936307
17,"Aug","Tue",2.22943189707985
17,"Aug","Wed",2.27629990539262
17,"Aug","Thu",2.34479208109872
17,"Aug","Fri",2.2366661526864
17,"Aug","Sat",1.91304654469618
17,"Sep","Sun",2.30302751642109
17,"Sep","Mon",2.38615832840917
17,"Sep","Tue",2.47407392393868
17,"Sep","Wed",2.46511951686978
17,"Sep","Thu",2.4617240969178
17,"Sep","Fri",2.45887747668998
17,"Sep","Sat",2.08075970397221
17,"Oct","Sun",2.39952736959698
17,"Oct","Mon",2.34654730383653
17,"Oct","Tue",2.35173158868261
17,"Oct","Wed",2.48744854379632
17,"Oct","Thu",2.50770167138849
17,"Oct","Fri",2.43213817362202
17,"Oct","Sat",2.08000959108767
17,"Nov","Sun",2.38910899492806
17,"Nov","Mon",2.40044296226483
17,"Nov","Tue",2.45628971262265
17,"Nov","Wed",2.46752174142202
17,"Nov","Thu",2.42249015089571
17,"Nov","Fri",2.32415336134454
17,"Nov","Sat",2.07280096550337
17,"Dec","Sun",2.28906207995221
17,"Dec","Mon",2.33816254198202
17,"Dec","Tue",2.27583696531972
17,"Dec","Wed",2.46086010531902
17,"Dec","Thu",2.54559275953352
17,"Dec","Fri",2.43140588684066
17,"Dec","Sat",2.11043264374696
18,"Jan","Sun",1.76951513291649
18,"Jan","Mon",1.85073779901337
18,"Jan","Tue",1.88258502648819
18,"Jan","Wed",1.89989747975824
18,"Jan","Thu",1.93552144191622
18,"Jan","Fri",1.86632567091061
18,"Jan","Sat",1.66159534845897
18,"Feb","Sun",2.12701075475322
18,"Feb","Mon",2.24261797854388
18,"Feb","Tue",2.22727667395048
18,"Feb","Wed",2.25497237569061
18,"Feb","Thu",2.33246412368591
18,"Feb","Fri",2.17366205911675
18,"Feb","Sat",1.95488646430736
18,"Mar","Sun",2.19962726354975
18,"Mar","Mon",2.28374565483088
18,"Mar","Tue",2.26280006769239
18,"Mar","Wed",2.32383231974578
18,"Mar","Thu",2.33095372044739
18,"Mar","Fri",2.23611307655624
18,"Mar","Sat",1.98485839927485
18,"Apr","Sun",2.17398650164142
18,"Apr","Mon",2.27584713116715
18,"Apr","Tue",2.24818460827668
18,"Apr","Wed",2.26840283064084
18,"Apr","Thu",2.34572041547477
18,"Apr","Fri",2.15078684582744
18,"Apr","Sat",1.95812749134693
18,"May","Sun",2.0837176692962
18,"May","Mon",2.28529720952811
18,"May","Tue",2.29748108108108
18,"May","Wed",2.35970379717793
18,"May","Thu",2.37399751303376
18,"May","Fri",2.2482155705857
18,"May","Sat",1.92747842577772
18,"Jun","Sun",2.22354407196596
18,"Jun","Mon",2.31693035009037
18,"Jun","Tue",2.32427412587413
18,"Jun","Wed",2.39925817441843
18,"Jun","Thu",2.39549329037505
18,"Jun","Fri",2.25754868984528
18,"Jun","Sat",1.98948713619059
18,"Jul","Sun",2.19147849714232
18,"Jul","Mon",2.22517726976203
18,"Jul","Tue",2.21733198673016
18,"Jul","Wed",2.28755436393142
18,"Jul","Thu",2.30796431207069
18,"Jul","Fri",2.2316903940706
18,"Jul","Sat",1.87744812040045
18,"Aug","Sun",2.13850178251096
18,"Aug","Mon",2.21006617545385
18,"Aug","Tue",2.15953859836357
18,"Aug","Wed",2.22978615994454
18,"Aug","Thu",2.29353347792626
18,"Aug","Fri",2.16293026180036
18,"Aug","Sat",1.86045879479126
18,"Sep","Sun",2.20751165521905
18,"Sep","Mon",2.33854395477796
18,"Sep","Tue",2.32949996771903
18,"Sep","Wed",2.36258535966776
18,"Sep","Thu",2.36064869713278
18,"Sep","Fri",2.3065353060905
18,"Sep","Sat",2.01266782633391
18,"Oct","Sun",2.24339540502822
18,"Oct","Mon",2.25439923985789
18,"Oct","Tue",2.30506751627235
18,"Oct","Wed",2.39712860442413
18,"Oct","Thu",2.42187652442706
18,"Oct","Fri",2.33393271393064
18,"Oct","Sat",2.04368296883072
18,"Nov","Sun",2.31323628242857
18,"Nov","Mon",2.32064813756389
18,"Nov","Tue",2.3449247178853
18,"Nov","Wed",2.33924444725685
18,"Nov","Thu",2.37063854310742
18,"Nov","Fri",2.29096388103754
18,"Nov","Sat",2.04843828715365
18,"Dec","Sun",2.20669537173637
18,"Dec","Mon",2.29003154437819
18,"Dec","Tue",2.27271160626146
18,"Dec","Wed",2.39569859935857
18,"Dec","Thu",2.44075415222943
18,"Dec","Fri",2.33996669151585
18,"Dec","Sat",2.12368945546879
19,"Jan","Sun",1.88418836140888
19,"Jan","Mon",1.87887611237131
19,"Jan","Tue",1.94906080568206
19,"Jan","Wed",1.93103135657678
19,"Jan","Thu",1.96127179415888
19,"Jan","Fri",1.87655503608808
19,"Jan","Sat",1.61920193249548
19,"Feb","Sun",2.16627544536888
19,"Feb","Mon",2.21924406820079
19,"Feb","Tue",2.28604776072659
19,"Feb","Wed",2.30263088664682
19,"Feb","Thu",2.3297494073351
19,"Feb","Fri",2.15178690083955
19,"Feb","Sat",1.94292419279364
19,"Mar","Sun",2.17305876867345
19,"Mar","Mon",2.24028204504379
19,"Mar","Tue",2.26372609631179
19,"Mar","Wed",2.31966112191258
19,"Mar","Thu",2.3256680386823
19,"Mar","Fri",3.79358808843706
19,"Mar","Sat",1.97657024396106
19,"Apr","Sun",2.19712523675336
19,"Apr","Mon",2.26086554362001
19,"Apr","Tue",2.278259939934
19,"Apr","Wed",2.2759474731037
19,"Apr","Thu",2.33474977369714
19,"Apr","Fri",2.10316110528157
19,"Apr","Sat",1.91598020790021
19,"May","Sun",2.13144930128563
19,"May","Mon",2.28255528900217
19,"May","Tue",2.31183698662657
19,"May","Wed",2.32073182532962
19,"May","Thu",2.32022926484166
19,"May","Fri",2.16654370321037
19,"May","Sat",1.91681096779704
19,"Jun","Sun",2.29503324200177
19,"Jun","Mon",2.28331524230367
19,"Jun","Tue",2.31138583516557
19,"Jun","Wed",2.33998681960114
19,"Jun","Thu",2.36728861499565
19,"Jun","Fri",2.20757745389749
19,"Jun","Sat",1.96766636465884
19,"Jul","Sun",2.19087492798408
19,"Jul","Mon",2.19829209031679
19,"Jul","Tue",2.20010259522571
19,"Jul","Wed",2.28149979065302
19,"Jul","Thu",2.25643117011753
19,"Jul","Fri",2.12902152274349
19,"Jul","Sat",1.93926421968118
19,"Aug","Sun",2.16232030510551
19,"Aug","Mon",2.15951487105955
19,"Aug","Tue",2.16262804662663
19,"Aug","Wed",2.23063556392133
19,"Aug","Thu",2.26637416236088
19,"Aug","Fri",2.11010355177589
19,"Aug","Sat",1.8344205372552
19,"Sep","Sun",2.2281725491728
19,"Sep","Mon",2.33256869871236
19,"Sep","Tue",2.33001568894952
19,"Sep","Wed",2.34727690180717
19,"Sep","Thu",2.38120400047483
19,"Sep","Fri",2.29015598539579
19,"Sep","Sat",2.019097547879
19,"Oct","Sun",2.23180716723549
19,"Oct","Mon",2.24997847127996
19,"Oct","Tue",2.31590184146681
19,"Oct","Wed",2.37258674431432
19,"Oct","Thu",2.41328665670899
19,"Oct","Fri",2.25474416815822
19,"Oct","Sat",2.00194183279037
19,"Nov","Sun",2.33786617786302
19,"Nov","Mon",2.30173387752154
19,"Nov","Tue",2.33452713905311
19,"Nov","Wed",2.34737796468765
19,"Nov","Thu",2.31632813039575
19,"Nov","Fri",2.19782055067069
19,"Nov","Sat",2.03394223631824
19,"Dec","Sun",2.17374369657912
19,"Dec","Mon",2.29537663912197
19,"Dec","Tue",2.25934543753207
19,"Dec","Wed",2.39287039221736
19,"Dec","Thu",2.42796398437244
19,"Dec","Fri",2.31284208026597
19,"Dec","Sat",2.07976556501866
20,"Jan","Sun",1.94072702758764
20,"Jan","Mon",1.99282378300701
20,"Jan","Tue",2.00708572445393
20,"Jan","Wed",2.00334140149173
20,"Jan","Thu",2.03143413488286
20,"Jan","Fri",1.90310009914134
20,"Jan","Sat",1.73466924510531
20,"Feb","Sun",2.31800631781349
20,"Feb","Mon",2.36947369419622
20,"Feb","Tue",2.34382150207442
20,"Feb","Wed",2.37744924185969
20,"Feb","Thu",2.41063741696745
20,"Feb","Fri",2.15207708534332
20,"Feb","Sat",2.03750940396324
20,"Mar","Sun",2.35310392749245
20,"Mar","Mon",2.38379820721284
20,"Mar","Tue",2.37515008682709
20,"Mar","Wed",2.39928980782685
20,"Mar","Thu",2.40877859002456
20,"Mar","Fri",2.25177341000998
20,"Mar","Sat",2.08586016279036
20,"Apr","Sun",2.30821434607306
20,"Apr","Mon",2.33470706242404
20,"Apr","Tue",2.35985924406977
20,"Apr","Wed",2.37363417735092
20,"Apr","Thu",2.39554572930159
20,"Apr","Fri",2.12852646037004
20,"Apr","Sat",2.01049682854884
20,"May","Sun",2.27380455915233
20,"May","Mon",2.40935677067737
20,"May","Tue",2.28286229667623
20,"May","Wed",2.35917855430741
20,"May","Thu",2.36232769345608
20,"May","Fri",2.23178549952753
20,"May","Sat",1.98803991913106
20,"Jun","Sun",2.4806515131492
20,"Jun","Mon",2.4065124468731
20,"Jun","Tue",2.41975370962526
20,"Jun","Wed",2.40313423881343
20,"Jun","Thu",2.4472007408743
20,"Jun","Fri",2.24509378709933
20,"Jun","Sat",2.05249912714309
20,"Jul","Sun",2.39824368297445
20,"Jul","Mon",2.3204702149656
20,"Jul","Tue",2.30932112772373
20,"Jul","Wed",2.30414456640561
20,"Jul","Thu",2.29542192125218
20,"Jul","Fri",2.17889112629531
20,"Jul","Sat",2.13374326153846
20,"Aug","Sun",2.32949470158519
20,"Aug","Mon",2.2956200521561
20,"Aug","Tue",2.28848742414646
20,"Aug","Wed",2.29194973343488
20,"Aug","Thu",2.27532817923635
20,"Aug","Fri",2.1146718704828
20,"Aug","Sat",1.96941884280594
20,"Sep","Sun",2.39946038425572
20,"Sep","Mon",2.41753171375943
20,"Sep","Tue",2.4124282473969
20,"Sep","Wed",2.40812505370985
20,"Sep","Thu",2.40667493562771
20,"Sep","Fri",2.25558577757837
20,"Sep","Sat",2.10712891253513
20,"Oct","Sun",2.50757437439588
20,"Oct","Mon",2.37122817827069
20,"Oct","Tue",2.40535609783029
20,"Oct","Wed",2.44314987090693
20,"Oct","Thu",2.44069400837258
20,"Oct","Fri",2.34633922324872
20,"Oct","Sat",2.1034757411553
20,"Nov","Sun",2.44391772641233
20,"Nov","Mon",2.39010105615075
20,"Nov","Tue",2.42174035369775
20,"Nov","Wed",2.43577460266495
20,"Nov","Thu",2.3879640072834
20,"Nov","Fri",2.24208944664883
20,"Nov","Sat",2.15177762421627
20,"Dec","Sun",2.33180886537436
20,"Dec","Mon",2.30852870937597
20,"Dec","Tue",2.24145854428495
20,"Dec","Wed",2.405052801245
20,"Dec","Thu",2.47200310880829
20,"Dec","Fri",2.29437006503618
20,"Dec","Sat",2.13188314327892
21,"Jan","Sun",2.10769134680899
21,"Jan","Mon",2.15956826421434
21,"Jan","Tue",2.08125185859505
21,"Jan","Wed",2.08500608387638
21,"Jan","Thu",2.10024877870054
21,"Jan","Fri",1.98546681171372
21,"Jan","Sat",1.73976106690127
21,"Feb","Sun",2.37555935000996
21,"Feb","Mon",2.47223373206725
21,"Feb","Tue",2.41027007911575
21,"Feb","Wed",2.4289899830529
21,"Feb","Thu",2.4678870092563
21,"Feb","Fri",2.1938104186771
21,"Feb","Sat",2.06123770977295
21,"Mar","Sun",2.46623688155922
21,"Mar","Mon",2.48041490872008
21,"Mar","Tue",2.47051804710078
21,"Mar","Wed",2.46411753340368
21,"Mar","Thu",2.48199242862995
21,"Mar","Fri",2.21835606667334
21,"Mar","Sat",2.09039523767372
21,"Apr","Sun",2.42238076048473
21,"Apr","Mon",2.44785378184531
21,"Apr","Tue",2.41981226611749
21,"Apr","Wed",2.43008993654224
21,"Apr","Thu",2.44965271580701
21,"Apr","Fri",2.17038950099397
21,"Apr","Sat",2.05100201119098
21,"May","Sun",2.30128072445019
21,"May","Mon",2.4318193689628
21,"May","Tue",2.40599393723804
21,"May","Wed",2.49856992857579
21,"May","Thu",2.48765005765613
21,"May","Fri",2.20314094127101
21,"May","Sat",1.98116751565113
21,"Jun","Sun",2.40633920695368
21,"Jun","Mon",2.43884129837802
21,"Jun","Tue",2.4614483975912
21,"Jun","Wed",2.50559401654589
21,"Jun","Thu",2.47930728376328
21,"Jun","Fri",2.27524750308384
21,"Jun","Sat",2.02480477417508
21,"Jul","Sun",2.40194187770933
21,"Jul","Mon",2.38076147459565
21,"Jul","Tue",2.37718115698125
21,"Jul","Wed",2.35435193395505
21,"Jul","Thu",2.3623501919214
21,"Jul","Fri",2.17720713112831
21,"Jul","Sat",2.13801925825623
21,"Aug","Sun",2.36057927106371
21,"Aug","Mon",2.36535366065448
21,"Aug","Tue",2.35151528205128
21,"Aug","Wed",2.39978881477681
21,"Aug","Thu",2.35555192038469
21,"Aug","Fri",2.21302985902107
21,"Aug","Sat",1.98432273237249
21,"Sep","Sun",2.43244720948186
21,"Sep","Mon",2.40706458788785
21,"Sep","Tue",2.44626434782609
21,"Sep","Wed",2.46633930592558
21,"Sep","Thu",2.47990416734231
21,"Sep","Fri",2.31452262194643
21,"Sep","Sat",2.09717517578722
21,"Oct","Sun",2.43993085911831
21,"Oct","Mon",2.43534019297919
21,"Oct","Tue",2.43084285273232
21,"Oct","Wed",2.49842411444142
21,"Oct","Thu",2.48728457340438
21,"Oct","Fri",2.36460832911209
21,"Oct","Sat",2.12227086299594
21,"Nov","Sun",2.44298412791208
21,"Nov","Mon",2.46595421056801
21,"Nov","Tue",2.48518434874848
21,"Nov","Wed",2.44660587180871
21,"Nov","Thu",2.46742113982204
21,"Nov","Fri",2.26594554310914
21,"Nov","Sat",2.14204996433435
21,"Dec","Sun",2.37519084517147
21,"Dec","Mon",2.36462627838447
21,"Dec","Tue",2.33860284548685
21,"Dec","Wed",2.49851360904913
21,"Dec","Thu",2.55392570347757
21,"Dec","Fri",2.29407389836694
21,"Dec","Sat",2.14096977575561
22,"Jan","Sun",2.08629215214845
22,"Jan","Mon",2.16323121645796
22,"Jan","Tue",2.09244654372667
22,"Jan","Wed",2.10466199987359
22,"Jan","Thu",2.18929523730248
22,"Jan","Fri",1.97672606741957
22,"Jan","Sat",1.75925071289209
22,"Feb","Sun",2.34676127956092
22,"Feb","Mon",2.50047957459497
22,"Feb","Tue",2.43257239970136
22,"Feb","Wed",2.48376889572124
22,"Feb","Thu",2.51892110157601
22,"Feb","Fri",2.22890555330361
22,"Feb","Sat",2.06500409044229
22,"Mar","Sun",2.56396780890243
22,"Mar","Mon",2.52213955102985
22,"Mar","Tue",2.50909867817459
22,"Mar","Wed",2.48840092113214
22,"Mar","Thu",2.53896952211866
22,"Mar","Fri",2.31867235644483
22,"Mar","Sat",2.12817539602292
22,"Apr","Sun",2.37233592740792
22,"Apr","Mon",2.39830627725457
22,"Apr","Tue",2.48300925011986
22,"Apr","Wed",2.47490278000964
22,"Apr","Thu",2.50204874586611
22,"Apr","Fri",2.25774906787802
22,"Apr","Sat",2.09722082161966
22,"May","Sun",2.41777302700912
22,"May","Mon",2.51506515264334
22,"May","Tue",2.40595987119148
22,"May","Wed",2.53244898234082
22,"May","Thu",2.55252946890342
22,"May","Fri",2.28749869351157
22,"May","Sat",2.04776837182322
22,"Jun","Sun",2.35247079986201
22,"Jun","Mon",2.44801448867633
22,"Jun","Tue",2.46242326771043
22,"Jun","Wed",2.52894485882633
22,"Jun","Thu",2.56240651085142
22,"Jun","Fri",2.31006429425837
22,"Jun","Sat",2.12587387903072
22,"Jul","Sun",2.50425392580402
22,"Jul","Mon",2.38079430506662
22,"Jul","Tue",2.3629767043508
22,"Jul","Wed",2.38617294746568
22,"Jul","Thu",2.37506466576883
22,"Jul","Fri",2.17767102053842
22,"Jul","Sat",2.13156528135344
22,"Aug","Sun",2.36365339578454
22,"Aug","Mon",2.41674277016743
22,"Aug","Tue",2.34874886100792
22,"Aug","Wed",2.42612400958172
22,"Aug","Thu",2.40588425349493
22,"Aug","Fri",2.20985895900151
22,"Aug","Sat",1.99676974886548
22,"Sep","Sun",2.47466012145207
22,"Sep","Mon",2.4852489207958
22,"Sep","Tue",2.51102322428272
22,"Sep","Wed",2.52009360343279
22,"Sep","Thu",2.53718961905776
22,"Sep","Fri",2.33770601791622
22,"Sep","Sat",2.17813055325198
22,"Oct","Sun",2.55679811737859
22,"Oct","Mon",2.47081839702401
22,"Oct","Tue",2.48421153655227
22,"Oct","Wed",2.52981212971625
22,"Oct","Thu",2.53979113538086
22,"Oct","Fri",2.36904689863843
22,"Oct","Sat",2.15530694980695
22,"Nov","Sun",2.48066418950302
22,"Nov","Mon",2.4868788105947
22,"Nov","Tue",2.48343249336605
22,"Nov","Wed",2.48209188241438
22,"Nov","Thu",2.49724707514282
22,"Nov","Fri",2.2819122457584
22,"Nov","Sat",2.21839781843453
22,"Dec","Sun",2.37679024053798
22,"Dec","Mon",2.37378999702545
22,"Dec","Tue",2.38255361311233
22,"Dec","Wed",2.56415284214509
22,"Dec","Thu",2.62758351250721
22,"Dec","Fri",2.33593954587264
22,"Dec","Sat",2.18772147009798
23,"Jan","Sun",2.07809189189189
23,"Jan","Mon",2.16622733267392
23,"Jan","Tue",2.03352287710046
23,"Jan","Wed",2.13972715858605
23,"Jan","Thu",2.14488406852413
23,"Jan","Fri",1.94578270634475
23,"Jan","Sat",1.79183877987325
23,"Feb","Sun",2.38138327150891
23,"Feb","Mon",2.55015458358298
23,"Feb","Tue",2.47411707406167
23,"Feb","Wed",2.42439479666582
23,"Feb","Thu",2.44292175533016
23,"Feb","Fri",2.20513939197347
23,"Feb","Sat",2.10599097324211
23,"Mar","Sun",2.67429105484256
23,"Mar","Mon",2.51649725890425
23,"Mar","Tue",2.50333854489581
23,"Mar","Wed",2.45331262889129
23,"Mar","Thu",2.50499187551375
23,"Mar","Fri",2.3844437591656
23,"Mar","Sat",2.17687131514818
23,"Apr","Sun",2.61002423564504
23,"Apr","Mon",2.53157004355768
23,"Apr","Tue",2.43810570544007
23,"Apr","Wed",2.44007612603087
23,"Apr","Thu",2.47827857929196
23,"Apr","Fri",2.27879940939979
23,"Apr","Sat",2.13804725797919
23,"May","Sun",2.50719747542177
23,"May","Mon",2.44760104159026
23,"May","Tue",2.43201668660113
23,"May","Wed",2.48224025788239
23,"May","Thu",2.55654879025797
23,"May","Fri",2.29708349596181
23,"May","Sat",2.10655975990114
23,"Jun","Sun",2.57514025874215
23,"Jun","Mon",2.48937392040047
23,"Jun","Tue",2.49729869843371
23,"Jun","Wed",2.46697842737685
23,"Jun","Thu",2.56015235485388
23,"Jun","Fri",2.32153760303879
23,"Jun","Sat",2.14366949357887
23,"Jul","Sun",2.60173047270805
23,"Jul","Mon",2.44647072255749
23,"Jul","Tue",2.35546470735996
23,"Jul","Wed",2.34470764349711
23,"Jul","Thu",2.42556483592743
23,"Jul","Fri",2.22228591259394
23,"Jul","Sat",2.12446973537463
23,"Aug","Sun",2.49959052550825
23,"Aug","Mon",2.4515087380346
23,"Aug","Tue",2.40869445779823
23,"Aug","Wed",2.48393668379031
23,"Aug","Thu",2.4615409810189
23,"Aug","Fri",2.23706738555526
23,"Aug","Sat",2.03784628519074
23,"Sep","Sun",2.47374376691836
23,"Sep","Mon",2.50041156195611
23,"Sep","Tue",2.45930233322379
23,"Sep","Wed",2.46459661744655
23,"Sep","Thu",2.50334632593754
23,"Sep","Fri",2.33715399044691
23,"Sep","Sat",2.21931362935985
23,"Oct","Sun",2.56144171628205
23,"Oct","Mon",2.47957174259077
23,"Oct","Tue",2.45294896728293
23,"Oct","Wed",2.48769575460803
23,"Oct","Thu",2.48142544534482
23,"Oct","Fri",2.32797595079333
23,"Oct","Sat",2.18828626553427
23,"Nov","Sun",2.50499577836412
23,"Nov","Mon",2.45501671262639
23,"Nov","Tue",2.42407177558376
23,"Nov","Wed",2.41286159600998
23,"Nov","Thu",2.44144715136156
23,"Nov","Fri",2.31148397185301
23,"Nov","Sat",2.23620771239822
23,"Dec","Sun",2.47401136586322
23,"Dec","Mon",2.37056447573874
23,"Dec","Tue",2.305687861536
23,"Dec","Wed",2.50724765370619
23,"Dec","Thu",2.58073612754562
23,"Dec","Fri",2.37290267490502
23,"Dec","Sat",2.23602207919179
